REF_AREA_LABEL,REF_AREA,INDICATOR_LABEL,INDICATOR,YEAR,VALUE
Albania,ALB,Poverty headcount ratio at $3.00 a day (2021 PPP) (% of population),SI.POV.DDAY,1996,3
Albania,ALB,Poverty headcount ratio at $3.00 a day (2021 PPP) (% of population),SI.POV.DDAY,2002,4.2
Albania,ALB,Poverty headcount ratio at $3.00 a day (2021 PPP) (% of population),SI.POV.DDAY,2005,2.7
Albania,ALB,Poverty headcount ratio at $3.00 a day (2021 PPP) (% of population),SI.POV.DDAY,2008,0.8
Albania,ALB,Poverty headcount ratio at $3.00 a day (2021 PPP) (% of population),SI.POV.DDAY,2012,1.8
Albania,ALB,Poverty headcount ratio at $3.00 a day (2021 PPP) (% of population),SI.POV.DDAY,2014,3.7
Albania,ALB,Poverty headcount ratio at $3.00 a day (2021 PPP) (% of population),SI.POV.DDAY,2015,1.1
Albania,ALB,Poverty headcount ratio at $3.00 a day (2021 PPP) (% of population),SI.POV.DDAY,2016,1.1
Albania,ALB,Poverty headcount ratio at $3.00 a day (2021 PPP) (% of population),SI.POV.DDAY,2017,1.4
Albania,ALB,Poverty headcount ratio at $3.00 a day (2021 PPP) (% of population),SI.POV.DDAY,2018,1
Albania,ALB,Poverty headcount ratio at $3.00 a day (2021 PPP) (% of population),SI.POV.DDAY,2019,0.3
Albania,ALB,Poverty headcount ratio at $3.00 a day (2021 PPP) (% of population),SI.POV.DDAY,2020,0.3
Algeria,DZA,Poverty headcount ratio at $3.00 a day (2021 PPP) (% of population),SI.POV.DDAY,1988,12.3
Algeria,DZA,Poverty headcount ratio at $3.00 a day (2021 PPP) (% of population),SI.POV.DDAY,1995,11.8
Angola,AGO,Poverty headcount ratio at $3.00 a day (2021 PPP) (% of population),SI.POV.DDAY,2000,27
Angola,AGO,Poverty headcount ratio at $3.00 a day (2021 PPP) (% of population),SI.POV.DDAY,2008,22.1
Angola,AGO,Poverty headcount ratio at $3.00 a day (2021 PPP) (% of population),SI.POV.DDAY,2018,39.3
Argentina,ARG,Poverty headcount ratio at $3.00 a day (2021 PPP) (% of population),SI.POV.DDAY,1986,1.3
Argentina,ARG,Poverty headcount ratio at $3.00 a day (2021 PPP) (% of population),SI.POV.DDAY,1987,1.5
Argentina,ARG,Poverty headcount ratio at $3.00 a day (2021 PPP) (% of population),SI.POV.DDAY,1991,1.3
Argentina,ARG,Poverty headcount ratio at $3.00 a day (2021 PPP) (% of population),SI.POV.DDAY,1992,2.5
Argentina,ARG,Poverty headcount ratio at $3.00 a day (2021 PPP) (% of population),SI.POV.DDAY,1993,2.9
Argentina,ARG,Poverty headcount ratio at $3.00 a day (2021 PPP) (% of population),SI.POV.DDAY,1994,2.7
Argentina,ARG,Poverty headcount ratio at $3.00 a day (2021 PPP) (% of population),SI.POV.DDAY,1995,5.1
Argentina,ARG,Poverty headcount ratio at $3.00 a day (2021 PPP) (% of population),SI.POV.DDAY,1996,5.4
Argentina,ARG,Poverty headcount ratio at $3.00 a day (2021 PPP) (% of population),SI.POV.DDAY,1997,5.2
Argentina,ARG,Poverty headcount ratio at $3.00 a day (2021 PPP) (% of population),SI.POV.DDAY,1998,5.7
Argentina,ARG,Poverty headcount ratio at $3.00 a day (2021 PPP) (% of population),SI.POV.DDAY,1999,5.9
Argentina,ARG,Poverty headcount ratio at $3.00 a day (2021 PPP) (% of population),SI.POV.DDAY,2000,7.3
Argentina,ARG,Poverty headcount ratio at $3.00 a day (2021 PPP) (% of population),SI.POV.DDAY,2001,10.7
Argentina,ARG,Poverty headcount ratio at $3.00 a day (2021 PPP) (% of population),SI.POV.DDAY,2002,17.1
Argentina,ARG,Poverty headcount ratio at $3.00 a day (2021 PPP) (% of population),SI.POV.DDAY,2003,8.2
Argentina,ARG,Poverty headcount ratio at $3.00 a day (2021 PPP) (% of population),SI.POV.DDAY,2004,6
Argentina,ARG,Poverty headcount ratio at $3.00 a day (2021 PPP) (% of population),SI.POV.DDAY,2005,4.4
Argentina,ARG,Poverty headcount ratio at $3.00 a day (2021 PPP) (% of population),SI.POV.DDAY,2006,3.5
Argentina,ARG,Poverty headcount ratio at $3.00 a day (2021 PPP) (% of population),SI.POV.DDAY,2007,2.8
Argentina,ARG,Poverty headcount ratio at $3.00 a day (2021 PPP) (% of population),SI.POV.DDAY,2008,2.6
Argentina,ARG,Poverty headcount ratio at $3.00 a day (2021 PPP) (% of population),SI.POV.DDAY,2009,2.4
Argentina,ARG,Poverty headcount ratio at $3.00 a day (2021 PPP) (% of population),SI.POV.DDAY,2010,1.5
Argentina,ARG,Poverty headcount ratio at $3.00 a day (2021 PPP) (% of population),SI.POV.DDAY,2011,1.2
Argentina,ARG,Poverty headcount ratio at $3.00 a day (2021 PPP) (% of population),SI.POV.DDAY,2012,1.3
Argentina,ARG,Poverty headcount ratio at $3.00 a day (2021 PPP) (% of population),SI.POV.DDAY,2013,1.1
Argentina,ARG,Poverty headcount ratio at $3.00 a day (2021 PPP) (% of population),SI.POV.DDAY,2014,1.1
Argentina,ARG,Poverty headcount ratio at $3.00 a day (2021 PPP) (% of population),SI.POV.DDAY,2016,1.3
Argentina,ARG,Poverty headcount ratio at $3.00 a day (2021 PPP) (% of population),SI.POV.DDAY,2017,1.1
Argentina,ARG,Poverty headcount ratio at $3.00 a day (2021 PPP) (% of population),SI.POV.DDAY,2018,1.6
Argentina,ARG,Poverty headcount ratio at $3.00 a day (2021 PPP) (% of population),SI.POV.DDAY,2019,1.7
Argentina,ARG,Poverty headcount ratio at $3.00 a day (2021 PPP) (% of population),SI.POV.DDAY,2020,2.2
Argentina,ARG,Poverty headcount ratio at $3.00 a day (2021 PPP) (% of population),SI.POV.DDAY,2021,1.4
Argentina,ARG,Poverty headcount ratio at $3.00 a day (2021 PPP) (% of population),SI.POV.DDAY,2022,1.3
Argentina,ARG,Poverty headcount ratio at $3.00 a day (2021 PPP) (% of population),SI.POV.DDAY,2023,1.2
Argentina,ARG,Poverty headcount ratio at $3.00 a day (2021 PPP) (% of population),SI.POV.DDAY,2024,1
Armenia,ARM,Poverty headcount ratio at $3.00 a day (2021 PPP) (% of population),SI.POV.DDAY,1996,21.6
Armenia,ARM,Poverty headcount ratio at $3.00 a day (2021 PPP) (% of population),SI.POV.DDAY,1999,21.2
Armenia,ARM,Poverty headcount ratio at $3.00 a day (2021 PPP) (% of population),SI.POV.DDAY,2001,24.1
Armenia,ARM,Poverty headcount ratio at $3.00 a day (2021 PPP) (% of population),SI.POV.DDAY,2002,19.8
Armenia,ARM,Poverty headcount ratio at $3.00 a day (2021 PPP) (% of population),SI.POV.DDAY,2003,14.8
Armenia,ARM,Poverty headcount ratio at $3.00 a day (2021 PPP) (% of population),SI.POV.DDAY,2004,10.3
Armenia,ARM,Poverty headcount ratio at $3.00 a day (2021 PPP) (% of population),SI.POV.DDAY,2005,6.1
Armenia,ARM,Poverty headcount ratio at $3.00 a day (2021 PPP) (% of population),SI.POV.DDAY,2006,4.5
Armenia,ARM,Poverty headcount ratio at $3.00 a day (2021 PPP) (% of population),SI.POV.DDAY,2007,3.7
Armenia,ARM,Poverty headcount ratio at $3.00 a day (2021 PPP) (% of population),SI.POV.DDAY,2008,2
Armenia,ARM,Poverty headcount ratio at $3.00 a day (2021 PPP) (% of population),SI.POV.DDAY,2009,3.1
Armenia,ARM,Poverty headcount ratio at $3.00 a day (2021 PPP) (% of population),SI.POV.DDAY,2010,2.9
Armenia,ARM,Poverty headcount ratio at $3.00 a day (2021 PPP) (% of population),SI.POV.DDAY,2011,3.1
Armenia,ARM,Poverty headcount ratio at $3.00 a day (2021 PPP) (% of population),SI.POV.DDAY,2012,2.5
Armenia,ARM,Poverty headcount ratio at $3.00 a day (2021 PPP) (% of population),SI.POV.DDAY,2013,2.9
Armenia,ARM,Poverty headcount ratio at $3.00 a day (2021 PPP) (% of population),SI.POV.DDAY,2014,3.4
Armenia,ARM,Poverty headcount ratio at $3.00 a day (2021 PPP) (% of population),SI.POV.DDAY,2015,2.9
Armenia,ARM,Poverty headcount ratio at $3.00 a day (2021 PPP) (% of population),SI.POV.DDAY,2016,2.5
Armenia,ARM,Poverty headcount ratio at $3.00 a day (2021 PPP) (% of population),SI.POV.DDAY,2017,2.4
Armenia,ARM,Poverty headcount ratio at $3.00 a day (2021 PPP) (% of population),SI.POV.DDAY,2018,2.9
Armenia,ARM,Poverty headcount ratio at $3.00 a day (2021 PPP) (% of population),SI.POV.DDAY,2019,2.4
Armenia,ARM,Poverty headcount ratio at $3.00 a day (2021 PPP) (% of population),SI.POV.DDAY,2020,1.5
Armenia,ARM,Poverty headcount ratio at $3.00 a day (2021 PPP) (% of population),SI.POV.DDAY,2021,2.1
Armenia,ARM,Poverty headcount ratio at $3.00 a day (2021 PPP) (% of population),SI.POV.DDAY,2022,1.9
Armenia,ARM,Poverty headcount ratio at $3.00 a day (2021 PPP) (% of population),SI.POV.DDAY,2023,1.9
Armenia,ARM,Poverty headcount ratio at $3.00 a day (2021 PPP) (% of population),SI.POV.DDAY,2024,0.8
Australia,AUS,Poverty headcount ratio at $3.00 a day (2021 PPP) (% of population),SI.POV.DDAY,1981,1.1
Australia,AUS,Poverty headcount ratio at $3.00 a day (2021 PPP) (% of population),SI.POV.DDAY,1985,1.1
Australia,AUS,Poverty headcount ratio at $3.00 a day (2021 PPP) (% of population),SI.POV.DDAY,1989,0.8
Australia,AUS,Poverty headcount ratio at $3.00 a day (2021 PPP) (% of population),SI.POV.DDAY,1995,1
Australia,AUS,Poverty headcount ratio at $3.00 a day (2021 PPP) (% of population),SI.POV.DDAY,2001,0.9
Australia,AUS,Poverty headcount ratio at $3.00 a day (2021 PPP) (% of population),SI.POV.DDAY,2003,1.1
Australia,AUS,Poverty headcount ratio at $3.00 a day (2021 PPP) (% of population),SI.POV.DDAY,2004,0.7
Australia,AUS,Poverty headcount ratio at $3.00 a day (2021 PPP) (% of population),SI.POV.DDAY,2008,0.5
Australia,AUS,Poverty headcount ratio at $3.00 a day (2021 PPP) (% of population),SI.POV.DDAY,2010,0.5
Australia,AUS,Poverty headcount ratio at $3.00 a day (2021 PPP) (% of population),SI.POV.DDAY,2014,0.6
Australia,AUS,Poverty headcount ratio at $3.00 a day (2021 PPP) (% of population),SI.POV.DDAY,2016,0.5
Australia,AUS,Poverty headcount ratio at $3.00 a day (2021 PPP) (% of population),SI.POV.DDAY,2018,0.6
Australia,AUS,Poverty headcount ratio at $3.00 a day (2021 PPP) (% of population),SI.POV.DDAY,2020,0.9
Austria,AUT,Poverty headcount ratio at $3.00 a day (2021 PPP) (% of population),SI.POV.DDAY,1994,0.2
Austria,AUT,Poverty headcount ratio at $3.00 a day (2021 PPP) (% of population),SI.POV.DDAY,1995,0.1
Austria,AUT,Poverty headcount ratio at $3.00 a day (2021 PPP) (% of population),SI.POV.DDAY,1996,0.1
Austria,AUT,Poverty headcount ratio at $3.00 a day (2021 PPP) (% of population),SI.POV.DDAY,1997,0.2
Austria,AUT,Poverty headcount ratio at $3.00 a day (2021 PPP) (% of population),SI.POV.DDAY,1998,0.2
Austria,AUT,Poverty headcount ratio at $3.00 a day (2021 PPP) (% of population),SI.POV.DDAY,1999,0.2
Austria,AUT,Poverty headcount ratio at $3.00 a day (2021 PPP) (% of population),SI.POV.DDAY,2000,0.1
Austria,AUT,Poverty headcount ratio at $3.00 a day (2021 PPP) (% of population),SI.POV.DDAY,2003,0.4
Austria,AUT,Poverty headcount ratio at $3.00 a day (2021 PPP) (% of population),SI.POV.DDAY,2004,0.1
Austria,AUT,Poverty headcount ratio at $3.00 a day (2021 PPP) (% of population),SI.POV.DDAY,2005,0.2
Austria,AUT,Poverty headcount ratio at $3.00 a day (2021 PPP) (% of population),SI.POV.DDAY,2006,0.1
Austria,AUT,Poverty headcount ratio at $3.00 a day (2021 PPP) (% of population),SI.POV.DDAY,2007,0.4
Austria,AUT,Poverty headcount ratio at $3.00 a day (2021 PPP) (% of population),SI.POV.DDAY,2008,0.5
Austria,AUT,Poverty headcount ratio at $3.00 a day (2021 PPP) (% of population),SI.POV.DDAY,2009,0.7
Austria,AUT,Poverty headcount ratio at $3.00 a day (2021 PPP) (% of population),SI.POV.DDAY,2010,0.5
Austria,AUT,Poverty headcount ratio at $3.00 a day (2021 PPP) (% of population),SI.POV.DDAY,2011,0.5
Austria,AUT,Poverty headcount ratio at $3.00 a day (2021 PPP) (% of population),SI.POV.DDAY,2012,0.7
Austria,AUT,Poverty headcount ratio at $3.00 a day (2021 PPP) (% of population),SI.POV.DDAY,2013,0.3
Austria,AUT,Poverty headcount ratio at $3.00 a day (2021 PPP) (% of population),SI.POV.DDAY,2014,0.2
Austria,AUT,Poverty headcount ratio at $3.00 a day (2021 PPP) (% of population),SI.POV.DDAY,2015,0.7
Austria,AUT,Poverty headcount ratio at $3.00 a day (2021 PPP) (% of population),SI.POV.DDAY,2016,0.7
Austria,AUT,Poverty headcount ratio at $3.00 a day (2021 PPP) (% of population),SI.POV.DDAY,2017,0.3
Austria,AUT,Poverty headcount ratio at $3.00 a day (2021 PPP) (% of population),SI.POV.DDAY,2018,0.6
Austria,AUT,Poverty headcount ratio at $3.00 a day (2021 PPP) (% of population),SI.POV.DDAY,2019,0.6
Austria,AUT,Poverty headcount ratio at $3.00 a day (2021 PPP) (% of population),SI.POV.DDAY,2020,0.7
Austria,AUT,Poverty headcount ratio at $3.00 a day (2021 PPP) (% of population),SI.POV.DDAY,2021,0.5
Austria,AUT,Poverty headcount ratio at $3.00 a day (2021 PPP) (% of population),SI.POV.DDAY,2022,0.6
Austria,AUT,Poverty headcount ratio at $3.00 a day (2021 PPP) (% of population),SI.POV.DDAY,2023,0.5
Azerbaijan,AZE,Poverty headcount ratio at $3.00 a day (2021 PPP) (% of population),SI.POV.DDAY,1995,19.7
Azerbaijan,AZE,Poverty headcount ratio at $3.00 a day (2021 PPP) (% of population),SI.POV.DDAY,2001,11.4
Azerbaijan,AZE,Poverty headcount ratio at $3.00 a day (2021 PPP) (% of population),SI.POV.DDAY,2002,0.2
Azerbaijan,AZE,Poverty headcount ratio at $3.00 a day (2021 PPP) (% of population),SI.POV.DDAY,2003,0.2
Bangladesh,BGD,Poverty headcount ratio at $3.00 a day (2021 PPP) (% of population),SI.POV.DDAY,1983,47.1
Bangladesh,BGD,Poverty headcount ratio at $3.00 a day (2021 PPP) (% of population),SI.POV.DDAY,1985,41.4
Bangladesh,BGD,Poverty headcount ratio at $3.00 a day (2021 PPP) (% of population),SI.POV.DDAY,1988,51.1
Bangladesh,BGD,Poverty headcount ratio at $3.00 a day (2021 PPP) (% of population),SI.POV.DDAY,1991,51.2
Bangladesh,BGD,Poverty headcount ratio at $3.00 a day (2021 PPP) (% of population),SI.POV.DDAY,1995,43.4
Bangladesh,BGD,Poverty headcount ratio at $3.00 a day (2021 PPP) (% of population),SI.POV.DDAY,2000,41.4
Bangladesh,BGD,Poverty headcount ratio at $3.00 a day (2021 PPP) (% of population),SI.POV.DDAY,2005,32.3
Bangladesh,BGD,Poverty headcount ratio at $3.00 a day (2021 PPP) (% of population),SI.POV.DDAY,2010,25.1
Bangladesh,BGD,Poverty headcount ratio at $3.00 a day (2021 PPP) (% of population),SI.POV.DDAY,2016,19.5
Bangladesh,BGD,Poverty headcount ratio at $3.00 a day (2021 PPP) (% of population),SI.POV.DDAY,2022,5.9
Barbados,BRB,Poverty headcount ratio at $3.00 a day (2021 PPP) (% of population),SI.POV.DDAY,2016,1.7
Belarus,BLR,Poverty headcount ratio at $3.00 a day (2021 PPP) (% of population),SI.POV.DDAY,1993,3.1
Belarus,BLR,Poverty headcount ratio at $3.00 a day (2021 PPP) (% of population),SI.POV.DDAY,1995,2.3
Belarus,BLR,Poverty headcount ratio at $3.00 a day (2021 PPP) (% of population),SI.POV.DDAY,1998,38.2
Belarus,BLR,Poverty headcount ratio at $3.00 a day (2021 PPP) (% of population),SI.POV.DDAY,1999,33.7
Belarus,BLR,Poverty headcount ratio at $3.00 a day (2021 PPP) (% of population),SI.POV.DDAY,2000,26.5
Belarus,BLR,Poverty headcount ratio at $3.00 a day (2021 PPP) (% of population),SI.POV.DDAY,2001,14.7
Belarus,BLR,Poverty headcount ratio at $3.00 a day (2021 PPP) (% of population),SI.POV.DDAY,2002,10.4
Belarus,BLR,Poverty headcount ratio at $3.00 a day (2021 PPP) (% of population),SI.POV.DDAY,2003,8.7
Belarus,BLR,Poverty headcount ratio at $3.00 a day (2021 PPP) (% of population),SI.POV.DDAY,2004,4.3
Belarus,BLR,Poverty headcount ratio at $3.00 a day (2021 PPP) (% of population),SI.POV.DDAY,2005,2.4
Belarus,BLR,Poverty headcount ratio at $3.00 a day (2021 PPP) (% of population),SI.POV.DDAY,2006,1.1
Belarus,BLR,Poverty headcount ratio at $3.00 a day (2021 PPP) (% of population),SI.POV.DDAY,2007,1.1
Belarus,BLR,Poverty headcount ratio at $3.00 a day (2021 PPP) (% of population),SI.POV.DDAY,2008,0.5
Belarus,BLR,Poverty headcount ratio at $3.00 a day (2021 PPP) (% of population),SI.POV.DDAY,2009,0.5
Belarus,BLR,Poverty headcount ratio at $3.00 a day (2021 PPP) (% of population),SI.POV.DDAY,2010,0.2
Belarus,BLR,Poverty headcount ratio at $3.00 a day (2021 PPP) (% of population),SI.POV.DDAY,2011,0.1
Belarus,BLR,Poverty headcount ratio at $3.00 a day (2021 PPP) (% of population),SI.POV.DDAY,2012,0.1
Belgium,BEL,Poverty headcount ratio at $3.00 a day (2021 PPP) (% of population),SI.POV.DDAY,1985,0.3
Belgium,BEL,Poverty headcount ratio at $3.00 a day (2021 PPP) (% of population),SI.POV.DDAY,1988,0.7
Belgium,BEL,Poverty headcount ratio at $3.00 a day (2021 PPP) (% of population),SI.POV.DDAY,1992,0.9
Belgium,BEL,Poverty headcount ratio at $3.00 a day (2021 PPP) (% of population),SI.POV.DDAY,1995,0.6
Belgium,BEL,Poverty headcount ratio at $3.00 a day (2021 PPP) (% of population),SI.POV.DDAY,1997,0.4
Belgium,BEL,Poverty headcount ratio at $3.00 a day (2021 PPP) (% of population),SI.POV.DDAY,2000,0.3
Belgium,BEL,Poverty headcount ratio at $3.00 a day (2021 PPP) (% of population),SI.POV.DDAY,2003,0.4
Belgium,BEL,Poverty headcount ratio at $3.00 a day (2021 PPP) (% of population),SI.POV.DDAY,2004,0.1
Belgium,BEL,Poverty headcount ratio at $3.00 a day (2021 PPP) (% of population),SI.POV.DDAY,2005,0.3
Belgium,BEL,Poverty headcount ratio at $3.00 a day (2021 PPP) (% of population),SI.POV.DDAY,2006,0.2
Belgium,BEL,Poverty headcount ratio at $3.00 a day (2021 PPP) (% of population),SI.POV.DDAY,2007,0.2
Belgium,BEL,Poverty headcount ratio at $3.00 a day (2021 PPP) (% of population),SI.POV.DDAY,2008,0.1
Belgium,BEL,Poverty headcount ratio at $3.00 a day (2021 PPP) (% of population),SI.POV.DDAY,2009,0.1
Belgium,BEL,Poverty headcount ratio at $3.00 a day (2021 PPP) (% of population),SI.POV.DDAY,2010,0.1
Belgium,BEL,Poverty headcount ratio at $3.00 a day (2021 PPP) (% of population),SI.POV.DDAY,2011,0.2
Belgium,BEL,Poverty headcount ratio at $3.00 a day (2021 PPP) (% of population),SI.POV.DDAY,2012,0.2
Belgium,BEL,Poverty headcount ratio at $3.00 a day (2021 PPP) (% of population),SI.POV.DDAY,2013,0.1
Belgium,BEL,Poverty headcount ratio at $3.00 a day (2021 PPP) (% of population),SI.POV.DDAY,2014,0.1
Belgium,BEL,Poverty headcount ratio at $3.00 a day (2021 PPP) (% of population),SI.POV.DDAY,2015,0.1
Belgium,BEL,Poverty headcount ratio at $3.00 a day (2021 PPP) (% of population),SI.POV.DDAY,2016,0.1
Belgium,BEL,Poverty headcount ratio at $3.00 a day (2021 PPP) (% of population),SI.POV.DDAY,2017,0.2
Belgium,BEL,Poverty headcount ratio at $3.00 a day (2021 PPP) (% of population),SI.POV.DDAY,2018,0.1
Belgium,BEL,Poverty headcount ratio at $3.00 a day (2021 PPP) (% of population),SI.POV.DDAY,2019,0.1
Belgium,BEL,Poverty headcount ratio at $3.00 a day (2021 PPP) (% of population),SI.POV.DDAY,2020,0.1
Belgium,BEL,Poverty headcount ratio at $3.00 a day (2021 PPP) (% of population),SI.POV.DDAY,2023,0.1
Belize,BLZ,Poverty headcount ratio at $3.00 a day (2021 PPP) (% of population),SI.POV.DDAY,1993,18
Belize,BLZ,Poverty headcount ratio at $3.00 a day (2021 PPP) (% of population),SI.POV.DDAY,1994,18.1
Belize,BLZ,Poverty headcount ratio at $3.00 a day (2021 PPP) (% of population),SI.POV.DDAY,1995,18.4
Belize,BLZ,Poverty headcount ratio at $3.00 a day (2021 PPP) (% of population),SI.POV.DDAY,1996,23.3
Belize,BLZ,Poverty headcount ratio at $3.00 a day (2021 PPP) (% of population),SI.POV.DDAY,1997,26
Belize,BLZ,Poverty headcount ratio at $3.00 a day (2021 PPP) (% of population),SI.POV.DDAY,1998,26.1
Belize,BLZ,Poverty headcount ratio at $3.00 a day (2021 PPP) (% of population),SI.POV.DDAY,1999,22.5
Belize,BLZ,Poverty headcount ratio at $3.00 a day (2021 PPP) (% of population),SI.POV.DDAY,2018,1
Benin,BEN,Poverty headcount ratio at $3.00 a day (2021 PPP) (% of population),SI.POV.DDAY,2003,70.5
Benin,BEN,Poverty headcount ratio at $3.00 a day (2021 PPP) (% of population),SI.POV.DDAY,2011,68.4
Benin,BEN,Poverty headcount ratio at $3.00 a day (2021 PPP) (% of population),SI.POV.DDAY,2015,65.8
Benin,BEN,Poverty headcount ratio at $3.00 a day (2021 PPP) (% of population),SI.POV.DDAY,2018,37.2
Benin,BEN,Poverty headcount ratio at $3.00 a day (2021 PPP) (% of population),SI.POV.DDAY,2021,27.2
Bhutan,BTN,Poverty headcount ratio at $3.00 a day (2021 PPP) (% of population),SI.POV.DDAY,2003,23.1
Bhutan,BTN,Poverty headcount ratio at $3.00 a day (2021 PPP) (% of population),SI.POV.DDAY,2007,12
Bhutan,BTN,Poverty headcount ratio at $3.00 a day (2021 PPP) (% of population),SI.POV.DDAY,2012,3.6
Bhutan,BTN,Poverty headcount ratio at $3.00 a day (2021 PPP) (% of population),SI.POV.DDAY,2017,2.6
Bolivia,BOL,Poverty headcount ratio at $3.00 a day (2021 PPP) (% of population),SI.POV.DDAY,1990,5.8
Bolivia,BOL,Poverty headcount ratio at $3.00 a day (2021 PPP) (% of population),SI.POV.DDAY,1992,13.8
Bolivia,BOL,Poverty headcount ratio at $3.00 a day (2021 PPP) (% of population),SI.POV.DDAY,1997,18.6
Bolivia,BOL,Poverty headcount ratio at $3.00 a day (2021 PPP) (% of population),SI.POV.DDAY,1999,24.6
Bolivia,BOL,Poverty headcount ratio at $3.00 a day (2021 PPP) (% of population),SI.POV.DDAY,2000,28.3
Bolivia,BOL,Poverty headcount ratio at $3.00 a day (2021 PPP) (% of population),SI.POV.DDAY,2001,22.3
Bolivia,BOL,Poverty headcount ratio at $3.00 a day (2021 PPP) (% of population),SI.POV.DDAY,2002,23.9
Bolivia,BOL,Poverty headcount ratio at $3.00 a day (2021 PPP) (% of population),SI.POV.DDAY,2004,13.2
Bolivia,BOL,Poverty headcount ratio at $3.00 a day (2021 PPP) (% of population),SI.POV.DDAY,2005,18.7
Bolivia,BOL,Poverty headcount ratio at $3.00 a day (2021 PPP) (% of population),SI.POV.DDAY,2006,15.9
Bolivia,BOL,Poverty headcount ratio at $3.00 a day (2021 PPP) (% of population),SI.POV.DDAY,2007,12.1
Bolivia,BOL,Poverty headcount ratio at $3.00 a day (2021 PPP) (% of population),SI.POV.DDAY,2008,10.6
Bolivia,BOL,Poverty headcount ratio at $3.00 a day (2021 PPP) (% of population),SI.POV.DDAY,2009,10
Bolivia,BOL,Poverty headcount ratio at $3.00 a day (2021 PPP) (% of population),SI.POV.DDAY,2011,6.9
Bolivia,BOL,Poverty headcount ratio at $3.00 a day (2021 PPP) (% of population),SI.POV.DDAY,2012,7.9
Bolivia,BOL,Poverty headcount ratio at $3.00 a day (2021 PPP) (% of population),SI.POV.DDAY,2013,6.8
Bolivia,BOL,Poverty headcount ratio at $3.00 a day (2021 PPP) (% of population),SI.POV.DDAY,2014,5.6
Bolivia,BOL,Poverty headcount ratio at $3.00 a day (2021 PPP) (% of population),SI.POV.DDAY,2015,6.2
Bolivia,BOL,Poverty headcount ratio at $3.00 a day (2021 PPP) (% of population),SI.POV.DDAY,2016,7.2
Bolivia,BOL,Poverty headcount ratio at $3.00 a day (2021 PPP) (% of population),SI.POV.DDAY,2017,6.4
Bolivia,BOL,Poverty headcount ratio at $3.00 a day (2021 PPP) (% of population),SI.POV.DDAY,2018,4.7
Bolivia,BOL,Poverty headcount ratio at $3.00 a day (2021 PPP) (% of population),SI.POV.DDAY,2019,3.1
Bolivia,BOL,Poverty headcount ratio at $3.00 a day (2021 PPP) (% of population),SI.POV.DDAY,2020,4.2
Bolivia,BOL,Poverty headcount ratio at $3.00 a day (2021 PPP) (% of population),SI.POV.DDAY,2021,3.1
Bolivia,BOL,Poverty headcount ratio at $3.00 a day (2021 PPP) (% of population),SI.POV.DDAY,2022,3.3
Bolivia,BOL,Poverty headcount ratio at $3.00 a day (2021 PPP) (% of population),SI.POV.DDAY,2023,2.8
Bolivia,BOL,Poverty headcount ratio at $3.00 a day (2021 PPP) (% of population),SI.POV.DDAY,2024,2.1
Bosnia and Herzegovina,BIH,Poverty headcount ratio at $3.00 a day (2021 PPP) (% of population),SI.POV.DDAY,2001,0.6
Bosnia and Herzegovina,BIH,Poverty headcount ratio at $3.00 a day (2021 PPP) (% of population),SI.POV.DDAY,2004,0.4
Bosnia and Herzegovina,BIH,Poverty headcount ratio at $3.00 a day (2021 PPP) (% of population),SI.POV.DDAY,2007,0.7
Bosnia and Herzegovina,BIH,Poverty headcount ratio at $3.00 a day (2021 PPP) (% of population),SI.POV.DDAY,2011,0.9
Bosnia and Herzegovina,BIH,Poverty headcount ratio at $3.00 a day (2021 PPP) (% of population),SI.POV.DDAY,2015,1.2
Bosnia and Herzegovina,BIH,Poverty headcount ratio at $3.00 a day (2021 PPP) (% of population),SI.POV.DDAY,2021,0.3
Botswana,BWA,Poverty headcount ratio at $3.00 a day (2021 PPP) (% of population),SI.POV.DDAY,1985,50.1
Botswana,BWA,Poverty headcount ratio at $3.00 a day (2021 PPP) (% of population),SI.POV.DDAY,1993,42.1
Botswana,BWA,Poverty headcount ratio at $3.00 a day (2021 PPP) (% of population),SI.POV.DDAY,2002,34.8
Botswana,BWA,Poverty headcount ratio at $3.00 a day (2021 PPP) (% of population),SI.POV.DDAY,2009,21.1
Botswana,BWA,Poverty headcount ratio at $3.00 a day (2021 PPP) (% of population),SI.POV.DDAY,2015,21.4
Brazil,BRA,Poverty headcount ratio at $3.00 a day (2021 PPP) (% of population),SI.POV.DDAY,1981,30.7
Brazil,BRA,Poverty headcount ratio at $3.00 a day (2021 PPP) (% of population),SI.POV.DDAY,1982,31
Brazil,BRA,Poverty headcount ratio at $3.00 a day (2021 PPP) (% of population),SI.POV.DDAY,1983,37.7
Brazil,BRA,Poverty headcount ratio at $3.00 a day (2021 PPP) (% of population),SI.POV.DDAY,1984,36.9
Brazil,BRA,Poverty headcount ratio at $3.00 a day (2021 PPP) (% of population),SI.POV.DDAY,1985,32.4
Brazil,BRA,Poverty headcount ratio at $3.00 a day (2021 PPP) (% of population),SI.POV.DDAY,1986,16.7
Brazil,BRA,Poverty headcount ratio at $3.00 a day (2021 PPP) (% of population),SI.POV.DDAY,1987,25.5
Brazil,BRA,Poverty headcount ratio at $3.00 a day (2021 PPP) (% of population),SI.POV.DDAY,1988,28.1
Brazil,BRA,Poverty headcount ratio at $3.00 a day (2021 PPP) (% of population),SI.POV.DDAY,1989,25.7
Brazil,BRA,Poverty headcount ratio at $3.00 a day (2021 PPP) (% of population),SI.POV.DDAY,1990,30.3
Brazil,BRA,Poverty headcount ratio at $3.00 a day (2021 PPP) (% of population),SI.POV.DDAY,1992,29.4
Brazil,BRA,Poverty headcount ratio at $3.00 a day (2021 PPP) (% of population),SI.POV.DDAY,1993,28.2
Brazil,BRA,Poverty headcount ratio at $3.00 a day (2021 PPP) (% of population),SI.POV.DDAY,1995,19.5
Brazil,BRA,Poverty headcount ratio at $3.00 a day (2021 PPP) (% of population),SI.POV.DDAY,1996,20.7
Brazil,BRA,Poverty headcount ratio at $3.00 a day (2021 PPP) (% of population),SI.POV.DDAY,1997,20.4
Brazil,BRA,Poverty headcount ratio at $3.00 a day (2021 PPP) (% of population),SI.POV.DDAY,1998,19.1
Brazil,BRA,Poverty headcount ratio at $3.00 a day (2021 PPP) (% of population),SI.POV.DDAY,1999,20
Brazil,BRA,Poverty headcount ratio at $3.00 a day (2021 PPP) (% of population),SI.POV.DDAY,2001,17.5
Brazil,BRA,Poverty headcount ratio at $3.00 a day (2021 PPP) (% of population),SI.POV.DDAY,2002,16.2
Brazil,BRA,Poverty headcount ratio at $3.00 a day (2021 PPP) (% of population),SI.POV.DDAY,2003,17.1
Brazil,BRA,Poverty headcount ratio at $3.00 a day (2021 PPP) (% of population),SI.POV.DDAY,2004,15.3
Brazil,BRA,Poverty headcount ratio at $3.00 a day (2021 PPP) (% of population),SI.POV.DDAY,2005,13.7
Brazil,BRA,Poverty headcount ratio at $3.00 a day (2021 PPP) (% of population),SI.POV.DDAY,2006,11.4
Brazil,BRA,Poverty headcount ratio at $3.00 a day (2021 PPP) (% of population),SI.POV.DDAY,2007,10.8
Brazil,BRA,Poverty headcount ratio at $3.00 a day (2021 PPP) (% of population),SI.POV.DDAY,2008,9.1
Brazil,BRA,Poverty headcount ratio at $3.00 a day (2021 PPP) (% of population),SI.POV.DDAY,2009,8.4
Brazil,BRA,Poverty headcount ratio at $3.00 a day (2021 PPP) (% of population),SI.POV.DDAY,2011,7.1
Brazil,BRA,Poverty headcount ratio at $3.00 a day (2021 PPP) (% of population),SI.POV.DDAY,2012,6.4
Brazil,BRA,Poverty headcount ratio at $3.00 a day (2021 PPP) (% of population),SI.POV.DDAY,2013,5.4
Brazil,BRA,Poverty headcount ratio at $3.00 a day (2021 PPP) (% of population),SI.POV.DDAY,2014,4.8
Brazil,BRA,Poverty headcount ratio at $3.00 a day (2021 PPP) (% of population),SI.POV.DDAY,2015,5.4
Brazil,BRA,Poverty headcount ratio at $3.00 a day (2021 PPP) (% of population),SI.POV.DDAY,2016,6.5
Brazil,BRA,Poverty headcount ratio at $3.00 a day (2021 PPP) (% of population),SI.POV.DDAY,2017,7
Brazil,BRA,Poverty headcount ratio at $3.00 a day (2021 PPP) (% of population),SI.POV.DDAY,2018,6.9
Brazil,BRA,Poverty headcount ratio at $3.00 a day (2021 PPP) (% of population),SI.POV.DDAY,2019,7
Brazil,BRA,Poverty headcount ratio at $3.00 a day (2021 PPP) (% of population),SI.POV.DDAY,2020,2.8
Brazil,BRA,Poverty headcount ratio at $3.00 a day (2021 PPP) (% of population),SI.POV.DDAY,2021,7.5
Brazil,BRA,Poverty headcount ratio at $3.00 a day (2021 PPP) (% of population),SI.POV.DDAY,2022,4.9
Brazil,BRA,Poverty headcount ratio at $3.00 a day (2021 PPP) (% of population),SI.POV.DDAY,2023,3.8
Brazil,BRA,Poverty headcount ratio at $3.00 a day (2021 PPP) (% of population),SI.POV.DDAY,2024,3
Bulgaria,BGR,Poverty headcount ratio at $3.00 a day (2021 PPP) (% of population),SI.POV.DDAY,1995,1.9
Bulgaria,BGR,Poverty headcount ratio at $3.00 a day (2021 PPP) (% of population),SI.POV.DDAY,2001,4.7
Bulgaria,BGR,Poverty headcount ratio at $3.00 a day (2021 PPP) (% of population),SI.POV.DDAY,2003,2.2
Bulgaria,BGR,Poverty headcount ratio at $3.00 a day (2021 PPP) (% of population),SI.POV.DDAY,2006,8
Bulgaria,BGR,Poverty headcount ratio at $3.00 a day (2021 PPP) (% of population),SI.POV.DDAY,2007,2.5
Bulgaria,BGR,Poverty headcount ratio at $3.00 a day (2021 PPP) (% of population),SI.POV.DDAY,2008,1.9
Bulgaria,BGR,Poverty headcount ratio at $3.00 a day (2021 PPP) (% of population),SI.POV.DDAY,2009,1.8
Bulgaria,BGR,Poverty headcount ratio at $3.00 a day (2021 PPP) (% of population),SI.POV.DDAY,2010,2.7
Bulgaria,BGR,Poverty headcount ratio at $3.00 a day (2021 PPP) (% of population),SI.POV.DDAY,2011,3.4
Bulgaria,BGR,Poverty headcount ratio at $3.00 a day (2021 PPP) (% of population),SI.POV.DDAY,2012,3
Bulgaria,BGR,Poverty headcount ratio at $3.00 a day (2021 PPP) (% of population),SI.POV.DDAY,2013,3.3
Bulgaria,BGR,Poverty headcount ratio at $3.00 a day (2021 PPP) (% of population),SI.POV.DDAY,2014,2.7
Bulgaria,BGR,Poverty headcount ratio at $3.00 a day (2021 PPP) (% of population),SI.POV.DDAY,2015,4.6
Bulgaria,BGR,Poverty headcount ratio at $3.00 a day (2021 PPP) (% of population),SI.POV.DDAY,2016,3.1
Bulgaria,BGR,Poverty headcount ratio at $3.00 a day (2021 PPP) (% of population),SI.POV.DDAY,2017,2
Bulgaria,BGR,Poverty headcount ratio at $3.00 a day (2021 PPP) (% of population),SI.POV.DDAY,2018,1.5
Bulgaria,BGR,Poverty headcount ratio at $3.00 a day (2021 PPP) (% of population),SI.POV.DDAY,2019,1.6
Bulgaria,BGR,Poverty headcount ratio at $3.00 a day (2021 PPP) (% of population),SI.POV.DDAY,2020,0.7
Bulgaria,BGR,Poverty headcount ratio at $3.00 a day (2021 PPP) (% of population),SI.POV.DDAY,2021,1.2
Bulgaria,BGR,Poverty headcount ratio at $3.00 a day (2021 PPP) (% of population),SI.POV.DDAY,2022,1.1
Bulgaria,BGR,Poverty headcount ratio at $3.00 a day (2021 PPP) (% of population),SI.POV.DDAY,2023,1
Burkina Faso,BFA,Poverty headcount ratio at $3.00 a day (2021 PPP) (% of population),SI.POV.DDAY,1994,87.6
Burkina Faso,BFA,Poverty headcount ratio at $3.00 a day (2021 PPP) (% of population),SI.POV.DDAY,1998,86.4
Burkina Faso,BFA,Poverty headcount ratio at $3.00 a day (2021 PPP) (% of population),SI.POV.DDAY,2003,69.6
Burkina Faso,BFA,Poverty headcount ratio at $3.00 a day (2021 PPP) (% of population),SI.POV.DDAY,2009,67.2
Burkina Faso,BFA,Poverty headcount ratio at $3.00 a day (2021 PPP) (% of population),SI.POV.DDAY,2014,58.7
Burkina Faso,BFA,Poverty headcount ratio at $3.00 a day (2021 PPP) (% of population),SI.POV.DDAY,2018,47.7
Burkina Faso,BFA,Poverty headcount ratio at $3.00 a day (2021 PPP) (% of population),SI.POV.DDAY,2021,42.1
Burundi,BDI,Poverty headcount ratio at $3.00 a day (2021 PPP) (% of population),SI.POV.DDAY,1992,85
Burundi,BDI,Poverty headcount ratio at $3.00 a day (2021 PPP) (% of population),SI.POV.DDAY,1998,87.6
Burundi,BDI,Poverty headcount ratio at $3.00 a day (2021 PPP) (% of population),SI.POV.DDAY,2006,81.5
Burundi,BDI,Poverty headcount ratio at $3.00 a day (2021 PPP) (% of population),SI.POV.DDAY,2013,75.8
Burundi,BDI,Poverty headcount ratio at $3.00 a day (2021 PPP) (% of population),SI.POV.DDAY,2020,74.2
Cabo Verde,CPV,Poverty headcount ratio at $3.00 a day (2021 PPP) (% of population),SI.POV.DDAY,2001,37.1
Cabo Verde,CPV,Poverty headcount ratio at $3.00 a day (2021 PPP) (% of population),SI.POV.DDAY,2007,26.2
Cabo Verde,CPV,Poverty headcount ratio at $3.00 a day (2021 PPP) (% of population),SI.POV.DDAY,2015,14.6
Cameroon,CMR,Poverty headcount ratio at $3.00 a day (2021 PPP) (% of population),SI.POV.DDAY,1996,56.5
Cameroon,CMR,Poverty headcount ratio at $3.00 a day (2021 PPP) (% of population),SI.POV.DDAY,2001,30.8
Cameroon,CMR,Poverty headcount ratio at $3.00 a day (2021 PPP) (% of population),SI.POV.DDAY,2007,36
Cameroon,CMR,Poverty headcount ratio at $3.00 a day (2021 PPP) (% of population),SI.POV.DDAY,2014,29
Cameroon,CMR,Poverty headcount ratio at $3.00 a day (2021 PPP) (% of population),SI.POV.DDAY,2021,26.7
Canada,CAN,Poverty headcount ratio at $3.00 a day (2021 PPP) (% of population),SI.POV.DDAY,1971,2.5
Canada,CAN,Poverty headcount ratio at $3.00 a day (2021 PPP) (% of population),SI.POV.DDAY,1973,1.8
Canada,CAN,Poverty headcount ratio at $3.00 a day (2021 PPP) (% of population),SI.POV.DDAY,1975,1.7
Canada,CAN,Poverty headcount ratio at $3.00 a day (2021 PPP) (% of population),SI.POV.DDAY,1977,1.5
Canada,CAN,Poverty headcount ratio at $3.00 a day (2021 PPP) (% of population),SI.POV.DDAY,1979,1.3
Canada,CAN,Poverty headcount ratio at $3.00 a day (2021 PPP) (% of population),SI.POV.DDAY,1981,0.9
Canada,CAN,Poverty headcount ratio at $3.00 a day (2021 PPP) (% of population),SI.POV.DDAY,1982,0.8
Canada,CAN,Poverty headcount ratio at $3.00 a day (2021 PPP) (% of population),SI.POV.DDAY,1984,0.9
Canada,CAN,Poverty headcount ratio at $3.00 a day (2021 PPP) (% of population),SI.POV.DDAY,1985,0.7
Canada,CAN,Poverty headcount ratio at $3.00 a day (2021 PPP) (% of population),SI.POV.DDAY,1986,1
Canada,CAN,Poverty headcount ratio at $3.00 a day (2021 PPP) (% of population),SI.POV.DDAY,1987,0.6
Canada,CAN,Poverty headcount ratio at $3.00 a day (2021 PPP) (% of population),SI.POV.DDAY,1988,0.7
Canada,CAN,Poverty headcount ratio at $3.00 a day (2021 PPP) (% of population),SI.POV.DDAY,1989,1.3
Canada,CAN,Poverty headcount ratio at $3.00 a day (2021 PPP) (% of population),SI.POV.DDAY,1990,1.1
Canada,CAN,Poverty headcount ratio at $3.00 a day (2021 PPP) (% of population),SI.POV.DDAY,1991,1.3
Canada,CAN,Poverty headcount ratio at $3.00 a day (2021 PPP) (% of population),SI.POV.DDAY,1992,0.8
Canada,CAN,Poverty headcount ratio at $3.00 a day (2021 PPP) (% of population),SI.POV.DDAY,1993,1.2
Canada,CAN,Poverty headcount ratio at $3.00 a day (2021 PPP) (% of population),SI.POV.DDAY,1994,0.9
Canada,CAN,Poverty headcount ratio at $3.00 a day (2021 PPP) (% of population),SI.POV.DDAY,1995,0.8
Canada,CAN,Poverty headcount ratio at $3.00 a day (2021 PPP) (% of population),SI.POV.DDAY,1996,0.4
Canada,CAN,Poverty headcount ratio at $3.00 a day (2021 PPP) (% of population),SI.POV.DDAY,1997,0.4
Canada,CAN,Poverty headcount ratio at $3.00 a day (2021 PPP) (% of population),SI.POV.DDAY,1998,0.5
Canada,CAN,Poverty headcount ratio at $3.00 a day (2021 PPP) (% of population),SI.POV.DDAY,1999,0.4
Canada,CAN,Poverty headcount ratio at $3.00 a day (2021 PPP) (% of population),SI.POV.DDAY,2000,0.4
Canada,CAN,Poverty headcount ratio at $3.00 a day (2021 PPP) (% of population),SI.POV.DDAY,2001,0.3
Canada,CAN,Poverty headcount ratio at $3.00 a day (2021 PPP) (% of population),SI.POV.DDAY,2002,0.3
Canada,CAN,Poverty headcount ratio at $3.00 a day (2021 PPP) (% of population),SI.POV.DDAY,2003,0.3
Canada,CAN,Poverty headcount ratio at $3.00 a day (2021 PPP) (% of population),SI.POV.DDAY,2004,0.3
Canada,CAN,Poverty headcount ratio at $3.00 a day (2021 PPP) (% of population),SI.POV.DDAY,2005,0.3
Canada,CAN,Poverty headcount ratio at $3.00 a day (2021 PPP) (% of population),SI.POV.DDAY,2006,0.3
Canada,CAN,Poverty headcount ratio at $3.00 a day (2021 PPP) (% of population),SI.POV.DDAY,2007,0.2
Canada,CAN,Poverty headcount ratio at $3.00 a day (2021 PPP) (% of population),SI.POV.DDAY,2008,0.3
Canada,CAN,Poverty headcount ratio at $3.00 a day (2021 PPP) (% of population),SI.POV.DDAY,2009,0.3
Canada,CAN,Poverty headcount ratio at $3.00 a day (2021 PPP) (% of population),SI.POV.DDAY,2010,0.3
Canada,CAN,Poverty headcount ratio at $3.00 a day (2021 PPP) (% of population),SI.POV.DDAY,2011,0.3
Canada,CAN,Poverty headcount ratio at $3.00 a day (2021 PPP) (% of population),SI.POV.DDAY,2012,0.3
Canada,CAN,Poverty headcount ratio at $3.00 a day (2021 PPP) (% of population),SI.POV.DDAY,2013,0.5
Canada,CAN,Poverty headcount ratio at $3.00 a day (2021 PPP) (% of population),SI.POV.DDAY,2014,0.3
Canada,CAN,Poverty headcount ratio at $3.00 a day (2021 PPP) (% of population),SI.POV.DDAY,2015,0.4
Canada,CAN,Poverty headcount ratio at $3.00 a day (2021 PPP) (% of population),SI.POV.DDAY,2016,0.4
Canada,CAN,Poverty headcount ratio at $3.00 a day (2021 PPP) (% of population),SI.POV.DDAY,2017,0.4
Canada,CAN,Poverty headcount ratio at $3.00 a day (2021 PPP) (% of population),SI.POV.DDAY,2018,0.4
Canada,CAN,Poverty headcount ratio at $3.00 a day (2021 PPP) (% of population),SI.POV.DDAY,2019,0.4
Canada,CAN,Poverty headcount ratio at $3.00 a day (2021 PPP) (% of population),SI.POV.DDAY,2020,0.1
Canada,CAN,Poverty headcount ratio at $3.00 a day (2021 PPP) (% of population),SI.POV.DDAY,2021,0.2
Canada,CAN,Poverty headcount ratio at $3.00 a day (2021 PPP) (% of population),SI.POV.DDAY,2022,0.3
Central African Republic,CAF,Poverty headcount ratio at $3.00 a day (2021 PPP) (% of population),SI.POV.DDAY,1992,84.8
Central African Republic,CAF,Poverty headcount ratio at $3.00 a day (2021 PPP) (% of population),SI.POV.DDAY,2008,67.3
Central African Republic,CAF,Poverty headcount ratio at $3.00 a day (2021 PPP) (% of population),SI.POV.DDAY,2021,71.6
Chad,TCD,Poverty headcount ratio at $3.00 a day (2021 PPP) (% of population),SI.POV.DDAY,2003,66.7
Chad,TCD,Poverty headcount ratio at $3.00 a day (2021 PPP) (% of population),SI.POV.DDAY,2011,45.2
Chad,TCD,Poverty headcount ratio at $3.00 a day (2021 PPP) (% of population),SI.POV.DDAY,2018,41.9
Chad,TCD,Poverty headcount ratio at $3.00 a day (2021 PPP) (% of population),SI.POV.DDAY,2022,39.5
Chile,CHL,Poverty headcount ratio at $3.00 a day (2021 PPP) (% of population),SI.POV.DDAY,1987,21.7
Chile,CHL,Poverty headcount ratio at $3.00 a day (2021 PPP) (% of population),SI.POV.DDAY,1990,16
Chile,CHL,Poverty headcount ratio at $3.00 a day (2021 PPP) (% of population),SI.POV.DDAY,1992,11.1
Chile,CHL,Poverty headcount ratio at $3.00 a day (2021 PPP) (% of population),SI.POV.DDAY,1994,10.5
Chile,CHL,Poverty headcount ratio at $3.00 a day (2021 PPP) (% of population),SI.POV.DDAY,1996,8
Chile,CHL,Poverty headcount ratio at $3.00 a day (2021 PPP) (% of population),SI.POV.DDAY,1998,7.4
Chile,CHL,Poverty headcount ratio at $3.00 a day (2021 PPP) (% of population),SI.POV.DDAY,2000,8.6
Chile,CHL,Poverty headcount ratio at $3.00 a day (2021 PPP) (% of population),SI.POV.DDAY,2003,7.9
Chile,CHL,Poverty headcount ratio at $3.00 a day (2021 PPP) (% of population),SI.POV.DDAY,2006,3.3
Chile,CHL,Poverty headcount ratio at $3.00 a day (2021 PPP) (% of population),SI.POV.DDAY,2009,2.6
Chile,CHL,Poverty headcount ratio at $3.00 a day (2021 PPP) (% of population),SI.POV.DDAY,2011,1.7
Chile,CHL,Poverty headcount ratio at $3.00 a day (2021 PPP) (% of population),SI.POV.DDAY,2013,0.8
Chile,CHL,Poverty headcount ratio at $3.00 a day (2021 PPP) (% of population),SI.POV.DDAY,2015,0.7
Chile,CHL,Poverty headcount ratio at $3.00 a day (2021 PPP) (% of population),SI.POV.DDAY,2017,0.5
Chile,CHL,Poverty headcount ratio at $3.00 a day (2021 PPP) (% of population),SI.POV.DDAY,2020,1.7
Chile,CHL,Poverty headcount ratio at $3.00 a day (2021 PPP) (% of population),SI.POV.DDAY,2022,0.6
Chile,CHL,Poverty headcount ratio at $3.00 a day (2021 PPP) (% of population),SI.POV.DDAY,2024,0.4
China,CHN,Poverty headcount ratio at $3.00 a day (2021 PPP) (% of population),SI.POV.DDAY,1981,97
China,CHN,Poverty headcount ratio at $3.00 a day (2021 PPP) (% of population),SI.POV.DDAY,1984,91.3
China,CHN,Poverty headcount ratio at $3.00 a day (2021 PPP) (% of population),SI.POV.DDAY,1987,81.1
China,CHN,Poverty headcount ratio at $3.00 a day (2021 PPP) (% of population),SI.POV.DDAY,1990,83.1
China,CHN,Poverty headcount ratio at $3.00 a day (2021 PPP) (% of population),SI.POV.DDAY,1993,77.3
China,CHN,Poverty headcount ratio at $3.00 a day (2021 PPP) (% of population),SI.POV.DDAY,1996,62.6
China,CHN,Poverty headcount ratio at $3.00 a day (2021 PPP) (% of population),SI.POV.DDAY,1999,58.5
China,CHN,Poverty headcount ratio at $3.00 a day (2021 PPP) (% of population),SI.POV.DDAY,2002,47.8
China,CHN,Poverty headcount ratio at $3.00 a day (2021 PPP) (% of population),SI.POV.DDAY,2005,32.9
China,CHN,Poverty headcount ratio at $3.00 a day (2021 PPP) (% of population),SI.POV.DDAY,2008,26.1
China,CHN,Poverty headcount ratio at $3.00 a day (2021 PPP) (% of population),SI.POV.DDAY,2010,20.6
China,CHN,Poverty headcount ratio at $3.00 a day (2021 PPP) (% of population),SI.POV.DDAY,2011,15.3
China,CHN,Poverty headcount ratio at $3.00 a day (2021 PPP) (% of population),SI.POV.DDAY,2012,12.9
China,CHN,Poverty headcount ratio at $3.00 a day (2021 PPP) (% of population),SI.POV.DDAY,2013,6
China,CHN,Poverty headcount ratio at $3.00 a day (2021 PPP) (% of population),SI.POV.DDAY,2014,4.6
China,CHN,Poverty headcount ratio at $3.00 a day (2021 PPP) (% of population),SI.POV.DDAY,2015,2.9
China,CHN,Poverty headcount ratio at $3.00 a day (2021 PPP) (% of population),SI.POV.DDAY,2016,2.1
China,CHN,Poverty headcount ratio at $3.00 a day (2021 PPP) (% of population),SI.POV.DDAY,2017,1.6
China,CHN,Poverty headcount ratio at $3.00 a day (2021 PPP) (% of population),SI.POV.DDAY,2018,0.7
Colombia,COL,Poverty headcount ratio at $3.00 a day (2021 PPP) (% of population),SI.POV.DDAY,1980,28.5
Colombia,COL,Poverty headcount ratio at $3.00 a day (2021 PPP) (% of population),SI.POV.DDAY,1988,21.4
Colombia,COL,Poverty headcount ratio at $3.00 a day (2021 PPP) (% of population),SI.POV.DDAY,1989,21.3
Colombia,COL,Poverty headcount ratio at $3.00 a day (2021 PPP) (% of population),SI.POV.DDAY,1991,19.3
Colombia,COL,Poverty headcount ratio at $3.00 a day (2021 PPP) (% of population),SI.POV.DDAY,1992,16
Colombia,COL,Poverty headcount ratio at $3.00 a day (2021 PPP) (% of population),SI.POV.DDAY,1996,24.8
Colombia,COL,Poverty headcount ratio at $3.00 a day (2021 PPP) (% of population),SI.POV.DDAY,1999,28.2
Colombia,COL,Poverty headcount ratio at $3.00 a day (2021 PPP) (% of population),SI.POV.DDAY,2000,23.9
Colombia,COL,Poverty headcount ratio at $3.00 a day (2021 PPP) (% of population),SI.POV.DDAY,2001,29.6
Colombia,COL,Poverty headcount ratio at $3.00 a day (2021 PPP) (% of population),SI.POV.DDAY,2002,21.2
Colombia,COL,Poverty headcount ratio at $3.00 a day (2021 PPP) (% of population),SI.POV.DDAY,2003,19.8
Colombia,COL,Poverty headcount ratio at $3.00 a day (2021 PPP) (% of population),SI.POV.DDAY,2004,19.2
Colombia,COL,Poverty headcount ratio at $3.00 a day (2021 PPP) (% of population),SI.POV.DDAY,2005,16.8
Colombia,COL,Poverty headcount ratio at $3.00 a day (2021 PPP) (% of population),SI.POV.DDAY,2008,16.3
Colombia,COL,Poverty headcount ratio at $3.00 a day (2021 PPP) (% of population),SI.POV.DDAY,2009,15.1
Colombia,COL,Poverty headcount ratio at $3.00 a day (2021 PPP) (% of population),SI.POV.DDAY,2010,13.3
Colombia,COL,Poverty headcount ratio at $3.00 a day (2021 PPP) (% of population),SI.POV.DDAY,2011,11.3
Colombia,COL,Poverty headcount ratio at $3.00 a day (2021 PPP) (% of population),SI.POV.DDAY,2012,12.7
Colombia,COL,Poverty headcount ratio at $3.00 a day (2021 PPP) (% of population),SI.POV.DDAY,2013,11.8
Colombia,COL,Poverty headcount ratio at $3.00 a day (2021 PPP) (% of population),SI.POV.DDAY,2014,10.9
Colombia,COL,Poverty headcount ratio at $3.00 a day (2021 PPP) (% of population),SI.POV.DDAY,2015,10.2
Colombia,COL,Poverty headcount ratio at $3.00 a day (2021 PPP) (% of population),SI.POV.DDAY,2016,10.1
Colombia,COL,Poverty headcount ratio at $3.00 a day (2021 PPP) (% of population),SI.POV.DDAY,2017,9.5
Colombia,COL,Poverty headcount ratio at $3.00 a day (2021 PPP) (% of population),SI.POV.DDAY,2018,9.8
Colombia,COL,Poverty headcount ratio at $3.00 a day (2021 PPP) (% of population),SI.POV.DDAY,2019,11.3
Colombia,COL,Poverty headcount ratio at $3.00 a day (2021 PPP) (% of population),SI.POV.DDAY,2020,15.8
Colombia,COL,Poverty headcount ratio at $3.00 a day (2021 PPP) (% of population),SI.POV.DDAY,2021,11.2
Colombia,COL,Poverty headcount ratio at $3.00 a day (2021 PPP) (% of population),SI.POV.DDAY,2022,9.3
Colombia,COL,Poverty headcount ratio at $3.00 a day (2021 PPP) (% of population),SI.POV.DDAY,2023,8.6
Colombia,COL,Poverty headcount ratio at $3.00 a day (2021 PPP) (% of population),SI.POV.DDAY,2024,8.5
Comoros,COM,Poverty headcount ratio at $3.00 a day (2021 PPP) (% of population),SI.POV.DDAY,2004,24.3
Comoros,COM,Poverty headcount ratio at $3.00 a day (2021 PPP) (% of population),SI.POV.DDAY,2014,31.4
Comoros,COM,Poverty headcount ratio at $3.00 a day (2021 PPP) (% of population),SI.POV.DDAY,2020,8.9
Comoros,COM,Poverty headcount ratio at $3.00 a day (2021 PPP) (% of population),SI.POV.DDAY,2024,5.1
"Congo, Dem. Rep.",COD,Poverty headcount ratio at $3.00 a day (2021 PPP) (% of population),SI.POV.DDAY,2004,94.9
"Congo, Dem. Rep.",COD,Poverty headcount ratio at $3.00 a day (2021 PPP) (% of population),SI.POV.DDAY,2012,78.9
"Congo, Dem. Rep.",COD,Poverty headcount ratio at $3.00 a day (2021 PPP) (% of population),SI.POV.DDAY,2020,85.3
"Congo, Rep.",COG,Poverty headcount ratio at $3.00 a day (2021 PPP) (% of population),SI.POV.DDAY,2005,54.5
"Congo, Rep.",COG,Poverty headcount ratio at $3.00 a day (2021 PPP) (% of population),SI.POV.DDAY,2011,39.2
Costa Rica,CRI,Poverty headcount ratio at $3.00 a day (2021 PPP) (% of population),SI.POV.DDAY,1981,33.5
Costa Rica,CRI,Poverty headcount ratio at $3.00 a day (2021 PPP) (% of population),SI.POV.DDAY,1986,19.3
Costa Rica,CRI,Poverty headcount ratio at $3.00 a day (2021 PPP) (% of population),SI.POV.DDAY,1989,14.4
Costa Rica,CRI,Poverty headcount ratio at $3.00 a day (2021 PPP) (% of population),SI.POV.DDAY,1990,13.9
Costa Rica,CRI,Poverty headcount ratio at $3.00 a day (2021 PPP) (% of population),SI.POV.DDAY,1991,17.1
Costa Rica,CRI,Poverty headcount ratio at $3.00 a day (2021 PPP) (% of population),SI.POV.DDAY,1992,13.8
Costa Rica,CRI,Poverty headcount ratio at $3.00 a day (2021 PPP) (% of population),SI.POV.DDAY,1993,11.8
Costa Rica,CRI,Poverty headcount ratio at $3.00 a day (2021 PPP) (% of population),SI.POV.DDAY,1994,9.4
Costa Rica,CRI,Poverty headcount ratio at $3.00 a day (2021 PPP) (% of population),SI.POV.DDAY,1995,10.6
Costa Rica,CRI,Poverty headcount ratio at $3.00 a day (2021 PPP) (% of population),SI.POV.DDAY,1996,11.7
Costa Rica,CRI,Poverty headcount ratio at $3.00 a day (2021 PPP) (% of population),SI.POV.DDAY,1997,9.1
Costa Rica,CRI,Poverty headcount ratio at $3.00 a day (2021 PPP) (% of population),SI.POV.DDAY,1998,7.5
Costa Rica,CRI,Poverty headcount ratio at $3.00 a day (2021 PPP) (% of population),SI.POV.DDAY,1999,9.3
Costa Rica,CRI,Poverty headcount ratio at $3.00 a day (2021 PPP) (% of population),SI.POV.DDAY,2000,9.8
Costa Rica,CRI,Poverty headcount ratio at $3.00 a day (2021 PPP) (% of population),SI.POV.DDAY,2001,7.6
Costa Rica,CRI,Poverty headcount ratio at $3.00 a day (2021 PPP) (% of population),SI.POV.DDAY,2002,6.6
Costa Rica,CRI,Poverty headcount ratio at $3.00 a day (2021 PPP) (% of population),SI.POV.DDAY,2003,6.9
Costa Rica,CRI,Poverty headcount ratio at $3.00 a day (2021 PPP) (% of population),SI.POV.DDAY,2004,6.6
Costa Rica,CRI,Poverty headcount ratio at $3.00 a day (2021 PPP) (% of population),SI.POV.DDAY,2005,5
Costa Rica,CRI,Poverty headcount ratio at $3.00 a day (2021 PPP) (% of population),SI.POV.DDAY,2006,5.2
Costa Rica,CRI,Poverty headcount ratio at $3.00 a day (2021 PPP) (% of population),SI.POV.DDAY,2007,3.1
Costa Rica,CRI,Poverty headcount ratio at $3.00 a day (2021 PPP) (% of population),SI.POV.DDAY,2008,3.4
Costa Rica,CRI,Poverty headcount ratio at $3.00 a day (2021 PPP) (% of population),SI.POV.DDAY,2009,3.6
Costa Rica,CRI,Poverty headcount ratio at $3.00 a day (2021 PPP) (% of population),SI.POV.DDAY,2010,2.2
Costa Rica,CRI,Poverty headcount ratio at $3.00 a day (2021 PPP) (% of population),SI.POV.DDAY,2011,2.7
Costa Rica,CRI,Poverty headcount ratio at $3.00 a day (2021 PPP) (% of population),SI.POV.DDAY,2012,2.6
Costa Rica,CRI,Poverty headcount ratio at $3.00 a day (2021 PPP) (% of population),SI.POV.DDAY,2013,2.6
Costa Rica,CRI,Poverty headcount ratio at $3.00 a day (2021 PPP) (% of population),SI.POV.DDAY,2014,2.4
Costa Rica,CRI,Poverty headcount ratio at $3.00 a day (2021 PPP) (% of population),SI.POV.DDAY,2015,2.4
Costa Rica,CRI,Poverty headcount ratio at $3.00 a day (2021 PPP) (% of population),SI.POV.DDAY,2016,2.4
Costa Rica,CRI,Poverty headcount ratio at $3.00 a day (2021 PPP) (% of population),SI.POV.DDAY,2017,1.7
Costa Rica,CRI,Poverty headcount ratio at $3.00 a day (2021 PPP) (% of population),SI.POV.DDAY,2018,2.3
Costa Rica,CRI,Poverty headcount ratio at $3.00 a day (2021 PPP) (% of population),SI.POV.DDAY,2019,1.7
Costa Rica,CRI,Poverty headcount ratio at $3.00 a day (2021 PPP) (% of population),SI.POV.DDAY,2020,3.4
Costa Rica,CRI,Poverty headcount ratio at $3.00 a day (2021 PPP) (% of population),SI.POV.DDAY,2021,2.2
Costa Rica,CRI,Poverty headcount ratio at $3.00 a day (2021 PPP) (% of population),SI.POV.DDAY,2022,1.6
Costa Rica,CRI,Poverty headcount ratio at $3.00 a day (2021 PPP) (% of population),SI.POV.DDAY,2023,1.5
Costa Rica,CRI,Poverty headcount ratio at $3.00 a day (2021 PPP) (% of population),SI.POV.DDAY,2024,1.3
Costa Rica,CRI,Poverty headcount ratio at $3.00 a day (2021 PPP) (% of population),SI.POV.DDAY,2025,0.8
Cote d'Ivoire,CIV,Poverty headcount ratio at $3.00 a day (2021 PPP) (% of population),SI.POV.DDAY,1985,13.6
Cote d'Ivoire,CIV,Poverty headcount ratio at $3.00 a day (2021 PPP) (% of population),SI.POV.DDAY,1986,10.2
Cote d'Ivoire,CIV,Poverty headcount ratio at $3.00 a day (2021 PPP) (% of population),SI.POV.DDAY,1987,16
Cote d'Ivoire,CIV,Poverty headcount ratio at $3.00 a day (2021 PPP) (% of population),SI.POV.DDAY,1988,22.5
Cote d'Ivoire,CIV,Poverty headcount ratio at $3.00 a day (2021 PPP) (% of population),SI.POV.DDAY,1992,38.4
Cote d'Ivoire,CIV,Poverty headcount ratio at $3.00 a day (2021 PPP) (% of population),SI.POV.DDAY,1995,39.8
Cote d'Ivoire,CIV,Poverty headcount ratio at $3.00 a day (2021 PPP) (% of population),SI.POV.DDAY,1998,42.9
Cote d'Ivoire,CIV,Poverty headcount ratio at $3.00 a day (2021 PPP) (% of population),SI.POV.DDAY,2002,43.9
Cote d'Ivoire,CIV,Poverty headcount ratio at $3.00 a day (2021 PPP) (% of population),SI.POV.DDAY,2008,47
Cote d'Ivoire,CIV,Poverty headcount ratio at $3.00 a day (2021 PPP) (% of population),SI.POV.DDAY,2015,46.6
Cote d'Ivoire,CIV,Poverty headcount ratio at $3.00 a day (2021 PPP) (% of population),SI.POV.DDAY,2018,21.7
Cote d'Ivoire,CIV,Poverty headcount ratio at $3.00 a day (2021 PPP) (% of population),SI.POV.DDAY,2021,20.8
Croatia,HRV,Poverty headcount ratio at $3.00 a day (2021 PPP) (% of population),SI.POV.DDAY,2009,1
Croatia,HRV,Poverty headcount ratio at $3.00 a day (2021 PPP) (% of population),SI.POV.DDAY,2010,1.4
Croatia,HRV,Poverty headcount ratio at $3.00 a day (2021 PPP) (% of population),SI.POV.DDAY,2011,1
Croatia,HRV,Poverty headcount ratio at $3.00 a day (2021 PPP) (% of population),SI.POV.DDAY,2012,1.1
Croatia,HRV,Poverty headcount ratio at $3.00 a day (2021 PPP) (% of population),SI.POV.DDAY,2013,1.2
Croatia,HRV,Poverty headcount ratio at $3.00 a day (2021 PPP) (% of population),SI.POV.DDAY,2014,1.2
Croatia,HRV,Poverty headcount ratio at $3.00 a day (2021 PPP) (% of population),SI.POV.DDAY,2015,0.7
Croatia,HRV,Poverty headcount ratio at $3.00 a day (2021 PPP) (% of population),SI.POV.DDAY,2016,0.9
Croatia,HRV,Poverty headcount ratio at $3.00 a day (2021 PPP) (% of population),SI.POV.DDAY,2017,0.6
Croatia,HRV,Poverty headcount ratio at $3.00 a day (2021 PPP) (% of population),SI.POV.DDAY,2018,0.5
Croatia,HRV,Poverty headcount ratio at $3.00 a day (2021 PPP) (% of population),SI.POV.DDAY,2019,0.4
Croatia,HRV,Poverty headcount ratio at $3.00 a day (2021 PPP) (% of population),SI.POV.DDAY,2020,0.4
Croatia,HRV,Poverty headcount ratio at $3.00 a day (2021 PPP) (% of population),SI.POV.DDAY,2021,0.3
Croatia,HRV,Poverty headcount ratio at $3.00 a day (2021 PPP) (% of population),SI.POV.DDAY,2022,0.4
Croatia,HRV,Poverty headcount ratio at $3.00 a day (2021 PPP) (% of population),SI.POV.DDAY,2023,0.3
Cyprus,CYP,Poverty headcount ratio at $3.00 a day (2021 PPP) (% of population),SI.POV.DDAY,2004,0.1
Cyprus,CYP,Poverty headcount ratio at $3.00 a day (2021 PPP) (% of population),SI.POV.DDAY,2005,0.1
Cyprus,CYP,Poverty headcount ratio at $3.00 a day (2021 PPP) (% of population),SI.POV.DDAY,2009,0.1
Cyprus,CYP,Poverty headcount ratio at $3.00 a day (2021 PPP) (% of population),SI.POV.DDAY,2010,0.1
Cyprus,CYP,Poverty headcount ratio at $3.00 a day (2021 PPP) (% of population),SI.POV.DDAY,2013,0.1
Cyprus,CYP,Poverty headcount ratio at $3.00 a day (2021 PPP) (% of population),SI.POV.DDAY,2014,0.1
Cyprus,CYP,Poverty headcount ratio at $3.00 a day (2021 PPP) (% of population),SI.POV.DDAY,2016,0.1
Cyprus,CYP,Poverty headcount ratio at $3.00 a day (2021 PPP) (% of population),SI.POV.DDAY,2017,0.1
Cyprus,CYP,Poverty headcount ratio at $3.00 a day (2021 PPP) (% of population),SI.POV.DDAY,2018,0.1
Cyprus,CYP,Poverty headcount ratio at $3.00 a day (2021 PPP) (% of population),SI.POV.DDAY,2019,0.2
Czechia,CZE,Poverty headcount ratio at $3.00 a day (2021 PPP) (% of population),SI.POV.DDAY,1996,0.1
Czechia,CZE,Poverty headcount ratio at $3.00 a day (2021 PPP) (% of population),SI.POV.DDAY,2006,0.1
Czechia,CZE,Poverty headcount ratio at $3.00 a day (2021 PPP) (% of population),SI.POV.DDAY,2007,0.1
Czechia,CZE,Poverty headcount ratio at $3.00 a day (2021 PPP) (% of population),SI.POV.DDAY,2008,0.1
Czechia,CZE,Poverty headcount ratio at $3.00 a day (2021 PPP) (% of population),SI.POV.DDAY,2011,0.1
Czechia,CZE,Poverty headcount ratio at $3.00 a day (2021 PPP) (% of population),SI.POV.DDAY,2012,0.1
Czechia,CZE,Poverty headcount ratio at $3.00 a day (2021 PPP) (% of population),SI.POV.DDAY,2021,0.1
Denmark,DNK,Poverty headcount ratio at $3.00 a day (2021 PPP) (% of population),SI.POV.DDAY,1987,0.6
Denmark,DNK,Poverty headcount ratio at $3.00 a day (2021 PPP) (% of population),SI.POV.DDAY,1992,0.6
Denmark,DNK,Poverty headcount ratio at $3.00 a day (2021 PPP) (% of population),SI.POV.DDAY,1995,0.1
Denmark,DNK,Poverty headcount ratio at $3.00 a day (2021 PPP) (% of population),SI.POV.DDAY,2000,0.1
Denmark,DNK,Poverty headcount ratio at $3.00 a day (2021 PPP) (% of population),SI.POV.DDAY,2003,0.4
Denmark,DNK,Poverty headcount ratio at $3.00 a day (2021 PPP) (% of population),SI.POV.DDAY,2004,0.3
Denmark,DNK,Poverty headcount ratio at $3.00 a day (2021 PPP) (% of population),SI.POV.DDAY,2005,0.3
Denmark,DNK,Poverty headcount ratio at $3.00 a day (2021 PPP) (% of population),SI.POV.DDAY,2006,0.2
Denmark,DNK,Poverty headcount ratio at $3.00 a day (2021 PPP) (% of population),SI.POV.DDAY,2007,0.1
Denmark,DNK,Poverty headcount ratio at $3.00 a day (2021 PPP) (% of population),SI.POV.DDAY,2008,0.3
Denmark,DNK,Poverty headcount ratio at $3.00 a day (2021 PPP) (% of population),SI.POV.DDAY,2009,0.6
Denmark,DNK,Poverty headcount ratio at $3.00 a day (2021 PPP) (% of population),SI.POV.DDAY,2010,0.1
Denmark,DNK,Poverty headcount ratio at $3.00 a day (2021 PPP) (% of population),SI.POV.DDAY,2013,0.3
Denmark,DNK,Poverty headcount ratio at $3.00 a day (2021 PPP) (% of population),SI.POV.DDAY,2014,0.2
Denmark,DNK,Poverty headcount ratio at $3.00 a day (2021 PPP) (% of population),SI.POV.DDAY,2015,0.2
Denmark,DNK,Poverty headcount ratio at $3.00 a day (2021 PPP) (% of population),SI.POV.DDAY,2016,0.3
Denmark,DNK,Poverty headcount ratio at $3.00 a day (2021 PPP) (% of population),SI.POV.DDAY,2017,0.1
Denmark,DNK,Poverty headcount ratio at $3.00 a day (2021 PPP) (% of population),SI.POV.DDAY,2018,0.2
Denmark,DNK,Poverty headcount ratio at $3.00 a day (2021 PPP) (% of population),SI.POV.DDAY,2019,0.3
Denmark,DNK,Poverty headcount ratio at $3.00 a day (2021 PPP) (% of population),SI.POV.DDAY,2020,0.2
Denmark,DNK,Poverty headcount ratio at $3.00 a day (2021 PPP) (% of population),SI.POV.DDAY,2021,0.2
Denmark,DNK,Poverty headcount ratio at $3.00 a day (2021 PPP) (% of population),SI.POV.DDAY,2022,0.2
Denmark,DNK,Poverty headcount ratio at $3.00 a day (2021 PPP) (% of population),SI.POV.DDAY,2023,0.4
Djibouti,DJI,Poverty headcount ratio at $3.00 a day (2021 PPP) (% of population),SI.POV.DDAY,2002,32.3
Djibouti,DJI,Poverty headcount ratio at $3.00 a day (2021 PPP) (% of population),SI.POV.DDAY,2012,26.4
Djibouti,DJI,Poverty headcount ratio at $3.00 a day (2021 PPP) (% of population),SI.POV.DDAY,2013,31.2
Djibouti,DJI,Poverty headcount ratio at $3.00 a day (2021 PPP) (% of population),SI.POV.DDAY,2017,25.4
Dominican Republic,DOM,Poverty headcount ratio at $3.00 a day (2021 PPP) (% of population),SI.POV.DDAY,1986,8.7
Dominican Republic,DOM,Poverty headcount ratio at $3.00 a day (2021 PPP) (% of population),SI.POV.DDAY,1989,21
Dominican Republic,DOM,Poverty headcount ratio at $3.00 a day (2021 PPP) (% of population),SI.POV.DDAY,1992,10
Dominican Republic,DOM,Poverty headcount ratio at $3.00 a day (2021 PPP) (% of population),SI.POV.DDAY,1996,8
Dominican Republic,DOM,Poverty headcount ratio at $3.00 a day (2021 PPP) (% of population),SI.POV.DDAY,1997,8.1
Dominican Republic,DOM,Poverty headcount ratio at $3.00 a day (2021 PPP) (% of population),SI.POV.DDAY,2000,8.3
Dominican Republic,DOM,Poverty headcount ratio at $3.00 a day (2021 PPP) (% of population),SI.POV.DDAY,2001,6.6
Dominican Republic,DOM,Poverty headcount ratio at $3.00 a day (2021 PPP) (% of population),SI.POV.DDAY,2002,9
Dominican Republic,DOM,Poverty headcount ratio at $3.00 a day (2021 PPP) (% of population),SI.POV.DDAY,2003,10.7
Dominican Republic,DOM,Poverty headcount ratio at $3.00 a day (2021 PPP) (% of population),SI.POV.DDAY,2004,14.6
Dominican Republic,DOM,Poverty headcount ratio at $3.00 a day (2021 PPP) (% of population),SI.POV.DDAY,2005,9.9
Dominican Republic,DOM,Poverty headcount ratio at $3.00 a day (2021 PPP) (% of population),SI.POV.DDAY,2006,8.1
Dominican Republic,DOM,Poverty headcount ratio at $3.00 a day (2021 PPP) (% of population),SI.POV.DDAY,2007,7.8
Dominican Republic,DOM,Poverty headcount ratio at $3.00 a day (2021 PPP) (% of population),SI.POV.DDAY,2008,7.1
Dominican Republic,DOM,Poverty headcount ratio at $3.00 a day (2021 PPP) (% of population),SI.POV.DDAY,2009,6.3
Dominican Republic,DOM,Poverty headcount ratio at $3.00 a day (2021 PPP) (% of population),SI.POV.DDAY,2010,5.5
Dominican Republic,DOM,Poverty headcount ratio at $3.00 a day (2021 PPP) (% of population),SI.POV.DDAY,2011,5.3
Dominican Republic,DOM,Poverty headcount ratio at $3.00 a day (2021 PPP) (% of population),SI.POV.DDAY,2012,5.4
Dominican Republic,DOM,Poverty headcount ratio at $3.00 a day (2021 PPP) (% of population),SI.POV.DDAY,2013,4.4
Dominican Republic,DOM,Poverty headcount ratio at $3.00 a day (2021 PPP) (% of population),SI.POV.DDAY,2014,4.1
Dominican Republic,DOM,Poverty headcount ratio at $3.00 a day (2021 PPP) (% of population),SI.POV.DDAY,2015,3.3
Dominican Republic,DOM,Poverty headcount ratio at $3.00 a day (2021 PPP) (% of population),SI.POV.DDAY,2016,3
Dominican Republic,DOM,Poverty headcount ratio at $3.00 a day (2021 PPP) (% of population),SI.POV.DDAY,2017,1.5
Dominican Republic,DOM,Poverty headcount ratio at $3.00 a day (2021 PPP) (% of population),SI.POV.DDAY,2018,1.1
Dominican Republic,DOM,Poverty headcount ratio at $3.00 a day (2021 PPP) (% of population),SI.POV.DDAY,2019,1
Dominican Republic,DOM,Poverty headcount ratio at $3.00 a day (2021 PPP) (% of population),SI.POV.DDAY,2020,1.3
Dominican Republic,DOM,Poverty headcount ratio at $3.00 a day (2021 PPP) (% of population),SI.POV.DDAY,2021,1.3
Dominican Republic,DOM,Poverty headcount ratio at $3.00 a day (2021 PPP) (% of population),SI.POV.DDAY,2022,1
Dominican Republic,DOM,Poverty headcount ratio at $3.00 a day (2021 PPP) (% of population),SI.POV.DDAY,2023,1.3
Dominican Republic,DOM,Poverty headcount ratio at $3.00 a day (2021 PPP) (% of population),SI.POV.DDAY,2024,0.8
East Asia & Pacific,EAS,Poverty headcount ratio at $3.00 a day (2021 PPP) (% of population),SI.POV.DDAY,1981,77.2
East Asia & Pacific,EAS,Poverty headcount ratio at $3.00 a day (2021 PPP) (% of population),SI.POV.DDAY,1982,76.4
East Asia & Pacific,EAS,Poverty headcount ratio at $3.00 a day (2021 PPP) (% of population),SI.POV.DDAY,1983,75.2
East Asia & Pacific,EAS,Poverty headcount ratio at $3.00 a day (2021 PPP) (% of population),SI.POV.DDAY,1984,73.2
East Asia & Pacific,EAS,Poverty headcount ratio at $3.00 a day (2021 PPP) (% of population),SI.POV.DDAY,1985,71.2
East Asia & Pacific,EAS,Poverty headcount ratio at $3.00 a day (2021 PPP) (% of population),SI.POV.DDAY,1986,69.5
East Asia & Pacific,EAS,Poverty headcount ratio at $3.00 a day (2021 PPP) (% of population),SI.POV.DDAY,1987,67
East Asia & Pacific,EAS,Poverty headcount ratio at $3.00 a day (2021 PPP) (% of population),SI.POV.DDAY,1988,63.2
East Asia & Pacific,EAS,Poverty headcount ratio at $3.00 a day (2021 PPP) (% of population),SI.POV.DDAY,1989,67.9
East Asia & Pacific,EAS,Poverty headcount ratio at $3.00 a day (2021 PPP) (% of population),SI.POV.DDAY,1990,67
East Asia & Pacific,EAS,Poverty headcount ratio at $3.00 a day (2021 PPP) (% of population),SI.POV.DDAY,1991,66
East Asia & Pacific,EAS,Poverty headcount ratio at $3.00 a day (2021 PPP) (% of population),SI.POV.DDAY,1992,64.4
East Asia & Pacific,EAS,Poverty headcount ratio at $3.00 a day (2021 PPP) (% of population),SI.POV.DDAY,1993,62.8
East Asia & Pacific,EAS,Poverty headcount ratio at $3.00 a day (2021 PPP) (% of population),SI.POV.DDAY,1994,59.2
East Asia & Pacific,EAS,Poverty headcount ratio at $3.00 a day (2021 PPP) (% of population),SI.POV.DDAY,1995,55.7
East Asia & Pacific,EAS,Poverty headcount ratio at $3.00 a day (2021 PPP) (% of population),SI.POV.DDAY,1996,52
East Asia & Pacific,EAS,Poverty headcount ratio at $3.00 a day (2021 PPP) (% of population),SI.POV.DDAY,1997,51.3
East Asia & Pacific,EAS,Poverty headcount ratio at $3.00 a day (2021 PPP) (% of population),SI.POV.DDAY,1998,51.6
East Asia & Pacific,EAS,Poverty headcount ratio at $3.00 a day (2021 PPP) (% of population),SI.POV.DDAY,1999,49.1
East Asia & Pacific,EAS,Poverty headcount ratio at $3.00 a day (2021 PPP) (% of population),SI.POV.DDAY,2000,46.6
East Asia & Pacific,EAS,Poverty headcount ratio at $3.00 a day (2021 PPP) (% of population),SI.POV.DDAY,2001,44.1
East Asia & Pacific,EAS,Poverty headcount ratio at $3.00 a day (2021 PPP) (% of population),SI.POV.DDAY,2002,40
East Asia & Pacific,EAS,Poverty headcount ratio at $3.00 a day (2021 PPP) (% of population),SI.POV.DDAY,2003,36.2
East Asia & Pacific,EAS,Poverty headcount ratio at $3.00 a day (2021 PPP) (% of population),SI.POV.DDAY,2004,32.9
East Asia & Pacific,EAS,Poverty headcount ratio at $3.00 a day (2021 PPP) (% of population),SI.POV.DDAY,2005,28.9
East Asia & Pacific,EAS,Poverty headcount ratio at $3.00 a day (2021 PPP) (% of population),SI.POV.DDAY,2006,27.7
East Asia & Pacific,EAS,Poverty headcount ratio at $3.00 a day (2021 PPP) (% of population),SI.POV.DDAY,2007,25
East Asia & Pacific,EAS,Poverty headcount ratio at $3.00 a day (2021 PPP) (% of population),SI.POV.DDAY,2008,23.4
East Asia & Pacific,EAS,Poverty headcount ratio at $3.00 a day (2021 PPP) (% of population),SI.POV.DDAY,2009,21.4
East Asia & Pacific,EAS,Poverty headcount ratio at $3.00 a day (2021 PPP) (% of population),SI.POV.DDAY,2010,18.9
East Asia & Pacific,EAS,Poverty headcount ratio at $3.00 a day (2021 PPP) (% of population),SI.POV.DDAY,2011,15.3
East Asia & Pacific,EAS,Poverty headcount ratio at $3.00 a day (2021 PPP) (% of population),SI.POV.DDAY,2012,13.2
East Asia & Pacific,EAS,Poverty headcount ratio at $3.00 a day (2021 PPP) (% of population),SI.POV.DDAY,2013,9
East Asia & Pacific,EAS,Poverty headcount ratio at $3.00 a day (2021 PPP) (% of population),SI.POV.DDAY,2014,7.8
East Asia & Pacific,EAS,Poverty headcount ratio at $3.00 a day (2021 PPP) (% of population),SI.POV.DDAY,2015,6.1
East Asia & Pacific,EAS,Poverty headcount ratio at $3.00 a day (2021 PPP) (% of population),SI.POV.DDAY,2016,5
East Asia & Pacific,EAS,Poverty headcount ratio at $3.00 a day (2021 PPP) (% of population),SI.POV.DDAY,2017,4.1
East Asia & Pacific,EAS,Poverty headcount ratio at $3.00 a day (2021 PPP) (% of population),SI.POV.DDAY,2018,3.3
East Asia & Pacific,EAS,Poverty headcount ratio at $3.00 a day (2021 PPP) (% of population),SI.POV.DDAY,2019,2.6
East Asia & Pacific,EAS,Poverty headcount ratio at $3.00 a day (2021 PPP) (% of population),SI.POV.DDAY,2020,2.7
East Asia & Pacific,EAS,Poverty headcount ratio at $3.00 a day (2021 PPP) (% of population),SI.POV.DDAY,2021,2.6
East Asia & Pacific,EAS,Poverty headcount ratio at $3.00 a day (2021 PPP) (% of population),SI.POV.DDAY,2022,2.4
East Asia & Pacific,EAS,Poverty headcount ratio at $3.00 a day (2021 PPP) (% of population),SI.POV.DDAY,2023,2.2
East Asia & Pacific,EAS,Poverty headcount ratio at $3.00 a day (2021 PPP) (% of population),SI.POV.DDAY,2024,2
Ecuador,ECU,Poverty headcount ratio at $3.00 a day (2021 PPP) (% of population),SI.POV.DDAY,1987,21.6
Ecuador,ECU,Poverty headcount ratio at $3.00 a day (2021 PPP) (% of population),SI.POV.DDAY,1994,21.5
Ecuador,ECU,Poverty headcount ratio at $3.00 a day (2021 PPP) (% of population),SI.POV.DDAY,1995,18.1
Ecuador,ECU,Poverty headcount ratio at $3.00 a day (2021 PPP) (% of population),SI.POV.DDAY,1998,21.1
Ecuador,ECU,Poverty headcount ratio at $3.00 a day (2021 PPP) (% of population),SI.POV.DDAY,1999,26.9
Ecuador,ECU,Poverty headcount ratio at $3.00 a day (2021 PPP) (% of population),SI.POV.DDAY,2000,34.1
Ecuador,ECU,Poverty headcount ratio at $3.00 a day (2021 PPP) (% of population),SI.POV.DDAY,2003,18.9
Ecuador,ECU,Poverty headcount ratio at $3.00 a day (2021 PPP) (% of population),SI.POV.DDAY,2004,19.4
Ecuador,ECU,Poverty headcount ratio at $3.00 a day (2021 PPP) (% of population),SI.POV.DDAY,2005,15.4
Ecuador,ECU,Poverty headcount ratio at $3.00 a day (2021 PPP) (% of population),SI.POV.DDAY,2006,10.9
Ecuador,ECU,Poverty headcount ratio at $3.00 a day (2021 PPP) (% of population),SI.POV.DDAY,2007,10.9
Ecuador,ECU,Poverty headcount ratio at $3.00 a day (2021 PPP) (% of population),SI.POV.DDAY,2008,9.8
Ecuador,ECU,Poverty headcount ratio at $3.00 a day (2021 PPP) (% of population),SI.POV.DDAY,2009,9.3
Ecuador,ECU,Poverty headcount ratio at $3.00 a day (2021 PPP) (% of population),SI.POV.DDAY,2010,7.8
Ecuador,ECU,Poverty headcount ratio at $3.00 a day (2021 PPP) (% of population),SI.POV.DDAY,2011,6.4
Ecuador,ECU,Poverty headcount ratio at $3.00 a day (2021 PPP) (% of population),SI.POV.DDAY,2012,6
Ecuador,ECU,Poverty headcount ratio at $3.00 a day (2021 PPP) (% of population),SI.POV.DDAY,2013,4.5
Ecuador,ECU,Poverty headcount ratio at $3.00 a day (2021 PPP) (% of population),SI.POV.DDAY,2014,4
Ecuador,ECU,Poverty headcount ratio at $3.00 a day (2021 PPP) (% of population),SI.POV.DDAY,2015,4.8
Ecuador,ECU,Poverty headcount ratio at $3.00 a day (2021 PPP) (% of population),SI.POV.DDAY,2016,5
Ecuador,ECU,Poverty headcount ratio at $3.00 a day (2021 PPP) (% of population),SI.POV.DDAY,2017,4.3
Ecuador,ECU,Poverty headcount ratio at $3.00 a day (2021 PPP) (% of population),SI.POV.DDAY,2018,4.7
Ecuador,ECU,Poverty headcount ratio at $3.00 a day (2021 PPP) (% of population),SI.POV.DDAY,2019,4.6
Ecuador,ECU,Poverty headcount ratio at $3.00 a day (2021 PPP) (% of population),SI.POV.DDAY,2020,8.4
Ecuador,ECU,Poverty headcount ratio at $3.00 a day (2021 PPP) (% of population),SI.POV.DDAY,2021,5.3
Ecuador,ECU,Poverty headcount ratio at $3.00 a day (2021 PPP) (% of population),SI.POV.DDAY,2022,4.4
Ecuador,ECU,Poverty headcount ratio at $3.00 a day (2021 PPP) (% of population),SI.POV.DDAY,2023,4.7
Ecuador,ECU,Poverty headcount ratio at $3.00 a day (2021 PPP) (% of population),SI.POV.DDAY,2024,7.3
Ecuador,ECU,Poverty headcount ratio at $3.00 a day (2021 PPP) (% of population),SI.POV.DDAY,2025,3.4
"Egypt, Arab Rep.",EGY,Poverty headcount ratio at $3.00 a day (2021 PPP) (% of population),SI.POV.DDAY,1990,7.1
"Egypt, Arab Rep.",EGY,Poverty headcount ratio at $3.00 a day (2021 PPP) (% of population),SI.POV.DDAY,1995,4.1
"Egypt, Arab Rep.",EGY,Poverty headcount ratio at $3.00 a day (2021 PPP) (% of population),SI.POV.DDAY,2004,4.1
"Egypt, Arab Rep.",EGY,Poverty headcount ratio at $3.00 a day (2021 PPP) (% of population),SI.POV.DDAY,2008,3.7
"Egypt, Arab Rep.",EGY,Poverty headcount ratio at $3.00 a day (2021 PPP) (% of population),SI.POV.DDAY,2010,1.5
"Egypt, Arab Rep.",EGY,Poverty headcount ratio at $3.00 a day (2021 PPP) (% of population),SI.POV.DDAY,2012,1.2
"Egypt, Arab Rep.",EGY,Poverty headcount ratio at $3.00 a day (2021 PPP) (% of population),SI.POV.DDAY,2015,1.2
"Egypt, Arab Rep.",EGY,Poverty headcount ratio at $3.00 a day (2021 PPP) (% of population),SI.POV.DDAY,2017,3.1
"Egypt, Arab Rep.",EGY,Poverty headcount ratio at $3.00 a day (2021 PPP) (% of population),SI.POV.DDAY,2019,2
"Egypt, Arab Rep.",EGY,Poverty headcount ratio at $3.00 a day (2021 PPP) (% of population),SI.POV.DDAY,2021,1.4
El Salvador,SLV,Poverty headcount ratio at $3.00 a day (2021 PPP) (% of population),SI.POV.DDAY,1989,24.8
El Salvador,SLV,Poverty headcount ratio at $3.00 a day (2021 PPP) (% of population),SI.POV.DDAY,1991,28.9
El Salvador,SLV,Poverty headcount ratio at $3.00 a day (2021 PPP) (% of population),SI.POV.DDAY,1995,19.3
El Salvador,SLV,Poverty headcount ratio at $3.00 a day (2021 PPP) (% of population),SI.POV.DDAY,1996,21.2
El Salvador,SLV,Poverty headcount ratio at $3.00 a day (2021 PPP) (% of population),SI.POV.DDAY,1998,26.3
El Salvador,SLV,Poverty headcount ratio at $3.00 a day (2021 PPP) (% of population),SI.POV.DDAY,1999,22.4
El Salvador,SLV,Poverty headcount ratio at $3.00 a day (2021 PPP) (% of population),SI.POV.DDAY,2000,18.4
El Salvador,SLV,Poverty headcount ratio at $3.00 a day (2021 PPP) (% of population),SI.POV.DDAY,2001,19.4
El Salvador,SLV,Poverty headcount ratio at $3.00 a day (2021 PPP) (% of population),SI.POV.DDAY,2002,19.5
El Salvador,SLV,Poverty headcount ratio at $3.00 a day (2021 PPP) (% of population),SI.POV.DDAY,2003,20.9
El Salvador,SLV,Poverty headcount ratio at $3.00 a day (2021 PPP) (% of population),SI.POV.DDAY,2004,16.3
El Salvador,SLV,Poverty headcount ratio at $3.00 a day (2021 PPP) (% of population),SI.POV.DDAY,2005,16.4
El Salvador,SLV,Poverty headcount ratio at $3.00 a day (2021 PPP) (% of population),SI.POV.DDAY,2006,12.6
El Salvador,SLV,Poverty headcount ratio at $3.00 a day (2021 PPP) (% of population),SI.POV.DDAY,2007,9.2
El Salvador,SLV,Poverty headcount ratio at $3.00 a day (2021 PPP) (% of population),SI.POV.DDAY,2008,12.6
El Salvador,SLV,Poverty headcount ratio at $3.00 a day (2021 PPP) (% of population),SI.POV.DDAY,2009,12.4
El Salvador,SLV,Poverty headcount ratio at $3.00 a day (2021 PPP) (% of population),SI.POV.DDAY,2010,11.4
El Salvador,SLV,Poverty headcount ratio at $3.00 a day (2021 PPP) (% of population),SI.POV.DDAY,2011,10.1
El Salvador,SLV,Poverty headcount ratio at $3.00 a day (2021 PPP) (% of population),SI.POV.DDAY,2012,8.5
El Salvador,SLV,Poverty headcount ratio at $3.00 a day (2021 PPP) (% of population),SI.POV.DDAY,2013,7.1
El Salvador,SLV,Poverty headcount ratio at $3.00 a day (2021 PPP) (% of population),SI.POV.DDAY,2014,7
El Salvador,SLV,Poverty headcount ratio at $3.00 a day (2021 PPP) (% of population),SI.POV.DDAY,2015,5.3
El Salvador,SLV,Poverty headcount ratio at $3.00 a day (2021 PPP) (% of population),SI.POV.DDAY,2016,5.8
El Salvador,SLV,Poverty headcount ratio at $3.00 a day (2021 PPP) (% of population),SI.POV.DDAY,2017,4.6
El Salvador,SLV,Poverty headcount ratio at $3.00 a day (2021 PPP) (% of population),SI.POV.DDAY,2018,4.1
El Salvador,SLV,Poverty headcount ratio at $3.00 a day (2021 PPP) (% of population),SI.POV.DDAY,2019,3
El Salvador,SLV,Poverty headcount ratio at $3.00 a day (2021 PPP) (% of population),SI.POV.DDAY,2021,5.1
El Salvador,SLV,Poverty headcount ratio at $3.00 a day (2021 PPP) (% of population),SI.POV.DDAY,2022,5.2
El Salvador,SLV,Poverty headcount ratio at $3.00 a day (2021 PPP) (% of population),SI.POV.DDAY,2023,4.6
Equatorial Guinea,GNQ,Poverty headcount ratio at $3.00 a day (2021 PPP) (% of population),SI.POV.DDAY,2022,8.8
Estonia,EST,Poverty headcount ratio at $3.00 a day (2021 PPP) (% of population),SI.POV.DDAY,1993,1.6
Estonia,EST,Poverty headcount ratio at $3.00 a day (2021 PPP) (% of population),SI.POV.DDAY,1995,0.7
Estonia,EST,Poverty headcount ratio at $3.00 a day (2021 PPP) (% of population),SI.POV.DDAY,2000,3
Estonia,EST,Poverty headcount ratio at $3.00 a day (2021 PPP) (% of population),SI.POV.DDAY,2001,3
Estonia,EST,Poverty headcount ratio at $3.00 a day (2021 PPP) (% of population),SI.POV.DDAY,2002,2.9
Estonia,EST,Poverty headcount ratio at $3.00 a day (2021 PPP) (% of population),SI.POV.DDAY,2003,3.6
Estonia,EST,Poverty headcount ratio at $3.00 a day (2021 PPP) (% of population),SI.POV.DDAY,2004,1.6
Estonia,EST,Poverty headcount ratio at $3.00 a day (2021 PPP) (% of population),SI.POV.DDAY,2005,1.1
Estonia,EST,Poverty headcount ratio at $3.00 a day (2021 PPP) (% of population),SI.POV.DDAY,2006,1.1
Estonia,EST,Poverty headcount ratio at $3.00 a day (2021 PPP) (% of population),SI.POV.DDAY,2007,0.6
Estonia,EST,Poverty headcount ratio at $3.00 a day (2021 PPP) (% of population),SI.POV.DDAY,2008,0.6
Estonia,EST,Poverty headcount ratio at $3.00 a day (2021 PPP) (% of population),SI.POV.DDAY,2009,0.8
Estonia,EST,Poverty headcount ratio at $3.00 a day (2021 PPP) (% of population),SI.POV.DDAY,2010,1
Estonia,EST,Poverty headcount ratio at $3.00 a day (2021 PPP) (% of population),SI.POV.DDAY,2011,1.2
Estonia,EST,Poverty headcount ratio at $3.00 a day (2021 PPP) (% of population),SI.POV.DDAY,2012,1
Estonia,EST,Poverty headcount ratio at $3.00 a day (2021 PPP) (% of population),SI.POV.DDAY,2013,1.1
Estonia,EST,Poverty headcount ratio at $3.00 a day (2021 PPP) (% of population),SI.POV.DDAY,2014,1
Estonia,EST,Poverty headcount ratio at $3.00 a day (2021 PPP) (% of population),SI.POV.DDAY,2015,0.7
Estonia,EST,Poverty headcount ratio at $3.00 a day (2021 PPP) (% of population),SI.POV.DDAY,2016,0.6
Estonia,EST,Poverty headcount ratio at $3.00 a day (2021 PPP) (% of population),SI.POV.DDAY,2017,0.5
Estonia,EST,Poverty headcount ratio at $3.00 a day (2021 PPP) (% of population),SI.POV.DDAY,2018,0.4
Estonia,EST,Poverty headcount ratio at $3.00 a day (2021 PPP) (% of population),SI.POV.DDAY,2019,0.7
Estonia,EST,Poverty headcount ratio at $3.00 a day (2021 PPP) (% of population),SI.POV.DDAY,2020,0.4
Estonia,EST,Poverty headcount ratio at $3.00 a day (2021 PPP) (% of population),SI.POV.DDAY,2021,0.3
Estonia,EST,Poverty headcount ratio at $3.00 a day (2021 PPP) (% of population),SI.POV.DDAY,2022,0.5
Estonia,EST,Poverty headcount ratio at $3.00 a day (2021 PPP) (% of population),SI.POV.DDAY,2023,0.3
Eswatini,SWZ,Poverty headcount ratio at $3.00 a day (2021 PPP) (% of population),SI.POV.DDAY,1994,89.3
Eswatini,SWZ,Poverty headcount ratio at $3.00 a day (2021 PPP) (% of population),SI.POV.DDAY,2000,65
Eswatini,SWZ,Poverty headcount ratio at $3.00 a day (2021 PPP) (% of population),SI.POV.DDAY,2009,58.2
Eswatini,SWZ,Poverty headcount ratio at $3.00 a day (2021 PPP) (% of population),SI.POV.DDAY,2016,44.5
Ethiopia,ETH,Poverty headcount ratio at $3.00 a day (2021 PPP) (% of population),SI.POV.DDAY,1995,73.5
Ethiopia,ETH,Poverty headcount ratio at $3.00 a day (2021 PPP) (% of population),SI.POV.DDAY,1999,65.9
Ethiopia,ETH,Poverty headcount ratio at $3.00 a day (2021 PPP) (% of population),SI.POV.DDAY,2004,41.3
Ethiopia,ETH,Poverty headcount ratio at $3.00 a day (2021 PPP) (% of population),SI.POV.DDAY,2010,37.4
Ethiopia,ETH,Poverty headcount ratio at $3.00 a day (2021 PPP) (% of population),SI.POV.DDAY,2015,33
Ethiopia,ETH,Poverty headcount ratio at $3.00 a day (2021 PPP) (% of population),SI.POV.DDAY,2021,38.6
Europe & Central Asia,ECS,Poverty headcount ratio at $3.00 a day (2021 PPP) (% of population),SI.POV.DDAY,1988,3.9
Europe & Central Asia,ECS,Poverty headcount ratio at $3.00 a day (2021 PPP) (% of population),SI.POV.DDAY,1989,3.9
Europe & Central Asia,ECS,Poverty headcount ratio at $3.00 a day (2021 PPP) (% of population),SI.POV.DDAY,1990,4
Europe & Central Asia,ECS,Poverty headcount ratio at $3.00 a day (2021 PPP) (% of population),SI.POV.DDAY,1991,4.5
Europe & Central Asia,ECS,Poverty headcount ratio at $3.00 a day (2021 PPP) (% of population),SI.POV.DDAY,1992,5.5
Europe & Central Asia,ECS,Poverty headcount ratio at $3.00 a day (2021 PPP) (% of population),SI.POV.DDAY,1993,6.1
Europe & Central Asia,ECS,Poverty headcount ratio at $3.00 a day (2021 PPP) (% of population),SI.POV.DDAY,1994,7.6
Europe & Central Asia,ECS,Poverty headcount ratio at $3.00 a day (2021 PPP) (% of population),SI.POV.DDAY,1995,7.3
Europe & Central Asia,ECS,Poverty headcount ratio at $3.00 a day (2021 PPP) (% of population),SI.POV.DDAY,1996,7.5
Europe & Central Asia,ECS,Poverty headcount ratio at $3.00 a day (2021 PPP) (% of population),SI.POV.DDAY,1997,6.8
Europe & Central Asia,ECS,Poverty headcount ratio at $3.00 a day (2021 PPP) (% of population),SI.POV.DDAY,1998,7
Europe & Central Asia,ECS,Poverty headcount ratio at $3.00 a day (2021 PPP) (% of population),SI.POV.DDAY,1999,8.8
Europe & Central Asia,ECS,Poverty headcount ratio at $3.00 a day (2021 PPP) (% of population),SI.POV.DDAY,2000,7.6
Europe & Central Asia,ECS,Poverty headcount ratio at $3.00 a day (2021 PPP) (% of population),SI.POV.DDAY,2001,6.9
Europe & Central Asia,ECS,Poverty headcount ratio at $3.00 a day (2021 PPP) (% of population),SI.POV.DDAY,2002,6.2
Europe & Central Asia,ECS,Poverty headcount ratio at $3.00 a day (2021 PPP) (% of population),SI.POV.DDAY,2003,6
Europe & Central Asia,ECS,Poverty headcount ratio at $3.00 a day (2021 PPP) (% of population),SI.POV.DDAY,2004,5.1
Europe & Central Asia,ECS,Poverty headcount ratio at $3.00 a day (2021 PPP) (% of population),SI.POV.DDAY,2005,5
Europe & Central Asia,ECS,Poverty headcount ratio at $3.00 a day (2021 PPP) (% of population),SI.POV.DDAY,2006,4.4
Europe & Central Asia,ECS,Poverty headcount ratio at $3.00 a day (2021 PPP) (% of population),SI.POV.DDAY,2007,4
Europe & Central Asia,ECS,Poverty headcount ratio at $3.00 a day (2021 PPP) (% of population),SI.POV.DDAY,2008,3.7
Europe & Central Asia,ECS,Poverty headcount ratio at $3.00 a day (2021 PPP) (% of population),SI.POV.DDAY,2009,3.7
Europe & Central Asia,ECS,Poverty headcount ratio at $3.00 a day (2021 PPP) (% of population),SI.POV.DDAY,2010,3.8
Europe & Central Asia,ECS,Poverty headcount ratio at $3.00 a day (2021 PPP) (% of population),SI.POV.DDAY,2011,3.6
Europe & Central Asia,ECS,Poverty headcount ratio at $3.00 a day (2021 PPP) (% of population),SI.POV.DDAY,2012,3.6
Europe & Central Asia,ECS,Poverty headcount ratio at $3.00 a day (2021 PPP) (% of population),SI.POV.DDAY,2013,1.1
Europe & Central Asia,ECS,Poverty headcount ratio at $3.00 a day (2021 PPP) (% of population),SI.POV.DDAY,2014,1.2
Europe & Central Asia,ECS,Poverty headcount ratio at $3.00 a day (2021 PPP) (% of population),SI.POV.DDAY,2015,1.2
Europe & Central Asia,ECS,Poverty headcount ratio at $3.00 a day (2021 PPP) (% of population),SI.POV.DDAY,2016,1
Europe & Central Asia,ECS,Poverty headcount ratio at $3.00 a day (2021 PPP) (% of population),SI.POV.DDAY,2017,1
Europe & Central Asia,ECS,Poverty headcount ratio at $3.00 a day (2021 PPP) (% of population),SI.POV.DDAY,2018,0.8
Europe & Central Asia,ECS,Poverty headcount ratio at $3.00 a day (2021 PPP) (% of population),SI.POV.DDAY,2019,0.8
Europe & Central Asia,ECS,Poverty headcount ratio at $3.00 a day (2021 PPP) (% of population),SI.POV.DDAY,2020,0.8
Europe & Central Asia,ECS,Poverty headcount ratio at $3.00 a day (2021 PPP) (% of population),SI.POV.DDAY,2021,0.8
Europe & Central Asia,ECS,Poverty headcount ratio at $3.00 a day (2021 PPP) (% of population),SI.POV.DDAY,2022,0.8
Europe & Central Asia,ECS,Poverty headcount ratio at $3.00 a day (2021 PPP) (% of population),SI.POV.DDAY,2023,0.7
Europe & Central Asia,ECS,Poverty headcount ratio at $3.00 a day (2021 PPP) (% of population),SI.POV.DDAY,2024,0.6
Fiji,FJI,Poverty headcount ratio at $3.00 a day (2021 PPP) (% of population),SI.POV.DDAY,2002,5.4
Fiji,FJI,Poverty headcount ratio at $3.00 a day (2021 PPP) (% of population),SI.POV.DDAY,2008,3.8
Fiji,FJI,Poverty headcount ratio at $3.00 a day (2021 PPP) (% of population),SI.POV.DDAY,2013,1.6
Fiji,FJI,Poverty headcount ratio at $3.00 a day (2021 PPP) (% of population),SI.POV.DDAY,2019,4.7
Finland,FIN,Poverty headcount ratio at $3.00 a day (2021 PPP) (% of population),SI.POV.DDAY,1987,0.1
Finland,FIN,Poverty headcount ratio at $3.00 a day (2021 PPP) (% of population),SI.POV.DDAY,2000,0.1
Finland,FIN,Poverty headcount ratio at $3.00 a day (2021 PPP) (% of population),SI.POV.DDAY,2005,0.1
Finland,FIN,Poverty headcount ratio at $3.00 a day (2021 PPP) (% of population),SI.POV.DDAY,2006,0.1
Finland,FIN,Poverty headcount ratio at $3.00 a day (2021 PPP) (% of population),SI.POV.DDAY,2007,0.1
Finland,FIN,Poverty headcount ratio at $3.00 a day (2021 PPP) (% of population),SI.POV.DDAY,2008,0.1
Finland,FIN,Poverty headcount ratio at $3.00 a day (2021 PPP) (% of population),SI.POV.DDAY,2009,0.1
Finland,FIN,Poverty headcount ratio at $3.00 a day (2021 PPP) (% of population),SI.POV.DDAY,2010,0.1
Finland,FIN,Poverty headcount ratio at $3.00 a day (2021 PPP) (% of population),SI.POV.DDAY,2011,0.1
Finland,FIN,Poverty headcount ratio at $3.00 a day (2021 PPP) (% of population),SI.POV.DDAY,2012,0.1
Finland,FIN,Poverty headcount ratio at $3.00 a day (2021 PPP) (% of population),SI.POV.DDAY,2013,0.1
Finland,FIN,Poverty headcount ratio at $3.00 a day (2021 PPP) (% of population),SI.POV.DDAY,2014,0.1
Finland,FIN,Poverty headcount ratio at $3.00 a day (2021 PPP) (% of population),SI.POV.DDAY,2015,0.1
Finland,FIN,Poverty headcount ratio at $3.00 a day (2021 PPP) (% of population),SI.POV.DDAY,2017,0.1
Finland,FIN,Poverty headcount ratio at $3.00 a day (2021 PPP) (% of population),SI.POV.DDAY,2018,0.1
Finland,FIN,Poverty headcount ratio at $3.00 a day (2021 PPP) (% of population),SI.POV.DDAY,2022,0.1
Finland,FIN,Poverty headcount ratio at $3.00 a day (2021 PPP) (% of population),SI.POV.DDAY,2023,0.2
France,FRA,Poverty headcount ratio at $3.00 a day (2021 PPP) (% of population),SI.POV.DDAY,1970,0.1
France,FRA,Poverty headcount ratio at $3.00 a day (2021 PPP) (% of population),SI.POV.DDAY,1975,0.4
France,FRA,Poverty headcount ratio at $3.00 a day (2021 PPP) (% of population),SI.POV.DDAY,1979,0.3
France,FRA,Poverty headcount ratio at $3.00 a day (2021 PPP) (% of population),SI.POV.DDAY,1984,0.4
France,FRA,Poverty headcount ratio at $3.00 a day (2021 PPP) (% of population),SI.POV.DDAY,1990,0.2
France,FRA,Poverty headcount ratio at $3.00 a day (2021 PPP) (% of population),SI.POV.DDAY,1996,0.2
France,FRA,Poverty headcount ratio at $3.00 a day (2021 PPP) (% of population),SI.POV.DDAY,1997,0.1
France,FRA,Poverty headcount ratio at $3.00 a day (2021 PPP) (% of population),SI.POV.DDAY,1998,0.1
France,FRA,Poverty headcount ratio at $3.00 a day (2021 PPP) (% of population),SI.POV.DDAY,1999,0.1
France,FRA,Poverty headcount ratio at $3.00 a day (2021 PPP) (% of population),SI.POV.DDAY,2000,0.1
France,FRA,Poverty headcount ratio at $3.00 a day (2021 PPP) (% of population),SI.POV.DDAY,2001,0.1
France,FRA,Poverty headcount ratio at $3.00 a day (2021 PPP) (% of population),SI.POV.DDAY,2002,0.1
France,FRA,Poverty headcount ratio at $3.00 a day (2021 PPP) (% of population),SI.POV.DDAY,2003,0.2
France,FRA,Poverty headcount ratio at $3.00 a day (2021 PPP) (% of population),SI.POV.DDAY,2004,0.1
France,FRA,Poverty headcount ratio at $3.00 a day (2021 PPP) (% of population),SI.POV.DDAY,2005,0.1
France,FRA,Poverty headcount ratio at $3.00 a day (2021 PPP) (% of population),SI.POV.DDAY,2009,0.1
France,FRA,Poverty headcount ratio at $3.00 a day (2021 PPP) (% of population),SI.POV.DDAY,2010,0.1
France,FRA,Poverty headcount ratio at $3.00 a day (2021 PPP) (% of population),SI.POV.DDAY,2012,0.1
France,FRA,Poverty headcount ratio at $3.00 a day (2021 PPP) (% of population),SI.POV.DDAY,2013,0.1
France,FRA,Poverty headcount ratio at $3.00 a day (2021 PPP) (% of population),SI.POV.DDAY,2015,0.1
France,FRA,Poverty headcount ratio at $3.00 a day (2021 PPP) (% of population),SI.POV.DDAY,2016,0.1
France,FRA,Poverty headcount ratio at $3.00 a day (2021 PPP) (% of population),SI.POV.DDAY,2019,0.1
France,FRA,Poverty headcount ratio at $3.00 a day (2021 PPP) (% of population),SI.POV.DDAY,2020,0.1
France,FRA,Poverty headcount ratio at $3.00 a day (2021 PPP) (% of population),SI.POV.DDAY,2021,0.1
France,FRA,Poverty headcount ratio at $3.00 a day (2021 PPP) (% of population),SI.POV.DDAY,2022,0.1
France,FRA,Poverty headcount ratio at $3.00 a day (2021 PPP) (% of population),SI.POV.DDAY,2023,0.1
Gabon,GAB,Poverty headcount ratio at $3.00 a day (2021 PPP) (% of population),SI.POV.DDAY,2005,9.2
Gabon,GAB,Poverty headcount ratio at $3.00 a day (2021 PPP) (% of population),SI.POV.DDAY,2017,3.8
"Gambia, The",GMB,Poverty headcount ratio at $3.00 a day (2021 PPP) (% of population),SI.POV.DDAY,1998,78
"Gambia, The",GMB,Poverty headcount ratio at $3.00 a day (2021 PPP) (% of population),SI.POV.DDAY,2003,55.2
"Gambia, The",GMB,Poverty headcount ratio at $3.00 a day (2021 PPP) (% of population),SI.POV.DDAY,2010,34.2
"Gambia, The",GMB,Poverty headcount ratio at $3.00 a day (2021 PPP) (% of population),SI.POV.DDAY,2015,17.1
"Gambia, The",GMB,Poverty headcount ratio at $3.00 a day (2021 PPP) (% of population),SI.POV.DDAY,2020,22
Georgia,GEO,Poverty headcount ratio at $3.00 a day (2021 PPP) (% of population),SI.POV.DDAY,1996,12.2
Georgia,GEO,Poverty headcount ratio at $3.00 a day (2021 PPP) (% of population),SI.POV.DDAY,1997,28.2
Georgia,GEO,Poverty headcount ratio at $3.00 a day (2021 PPP) (% of population),SI.POV.DDAY,1998,26.8
Georgia,GEO,Poverty headcount ratio at $3.00 a day (2021 PPP) (% of population),SI.POV.DDAY,1999,32.7
Georgia,GEO,Poverty headcount ratio at $3.00 a day (2021 PPP) (% of population),SI.POV.DDAY,2000,35
Georgia,GEO,Poverty headcount ratio at $3.00 a day (2021 PPP) (% of population),SI.POV.DDAY,2001,36.7
Georgia,GEO,Poverty headcount ratio at $3.00 a day (2021 PPP) (% of population),SI.POV.DDAY,2002,22.3
Georgia,GEO,Poverty headcount ratio at $3.00 a day (2021 PPP) (% of population),SI.POV.DDAY,2003,22.3
Georgia,GEO,Poverty headcount ratio at $3.00 a day (2021 PPP) (% of population),SI.POV.DDAY,2004,20.9
Georgia,GEO,Poverty headcount ratio at $3.00 a day (2021 PPP) (% of population),SI.POV.DDAY,2005,22.3
Georgia,GEO,Poverty headcount ratio at $3.00 a day (2021 PPP) (% of population),SI.POV.DDAY,2006,22.5
Georgia,GEO,Poverty headcount ratio at $3.00 a day (2021 PPP) (% of population),SI.POV.DDAY,2007,23.9
Georgia,GEO,Poverty headcount ratio at $3.00 a day (2021 PPP) (% of population),SI.POV.DDAY,2008,21.7
Georgia,GEO,Poverty headcount ratio at $3.00 a day (2021 PPP) (% of population),SI.POV.DDAY,2009,21.1
Georgia,GEO,Poverty headcount ratio at $3.00 a day (2021 PPP) (% of population),SI.POV.DDAY,2010,23.6
Georgia,GEO,Poverty headcount ratio at $3.00 a day (2021 PPP) (% of population),SI.POV.DDAY,2011,21.6
Georgia,GEO,Poverty headcount ratio at $3.00 a day (2021 PPP) (% of population),SI.POV.DDAY,2012,18.8
Georgia,GEO,Poverty headcount ratio at $3.00 a day (2021 PPP) (% of population),SI.POV.DDAY,2013,14.9
Georgia,GEO,Poverty headcount ratio at $3.00 a day (2021 PPP) (% of population),SI.POV.DDAY,2014,12
Georgia,GEO,Poverty headcount ratio at $3.00 a day (2021 PPP) (% of population),SI.POV.DDAY,2015,10.6
Georgia,GEO,Poverty headcount ratio at $3.00 a day (2021 PPP) (% of population),SI.POV.DDAY,2016,10.5
Georgia,GEO,Poverty headcount ratio at $3.00 a day (2021 PPP) (% of population),SI.POV.DDAY,2017,11.1
Georgia,GEO,Poverty headcount ratio at $3.00 a day (2021 PPP) (% of population),SI.POV.DDAY,2018,11
Georgia,GEO,Poverty headcount ratio at $3.00 a day (2021 PPP) (% of population),SI.POV.DDAY,2019,9.7
Georgia,GEO,Poverty headcount ratio at $3.00 a day (2021 PPP) (% of population),SI.POV.DDAY,2020,12
Georgia,GEO,Poverty headcount ratio at $3.00 a day (2021 PPP) (% of population),SI.POV.DDAY,2021,10.8
Georgia,GEO,Poverty headcount ratio at $3.00 a day (2021 PPP) (% of population),SI.POV.DDAY,2022,7.7
Georgia,GEO,Poverty headcount ratio at $3.00 a day (2021 PPP) (% of population),SI.POV.DDAY,2023,5.8
Georgia,GEO,Poverty headcount ratio at $3.00 a day (2021 PPP) (% of population),SI.POV.DDAY,2024,4.2
Germany,DEU,Poverty headcount ratio at $3.00 a day (2021 PPP) (% of population),SI.POV.DDAY,1991,0.1
Germany,DEU,Poverty headcount ratio at $3.00 a day (2021 PPP) (% of population),SI.POV.DDAY,1992,0.1
Germany,DEU,Poverty headcount ratio at $3.00 a day (2021 PPP) (% of population),SI.POV.DDAY,1993,0.1
Germany,DEU,Poverty headcount ratio at $3.00 a day (2021 PPP) (% of population),SI.POV.DDAY,1994,0.2
Germany,DEU,Poverty headcount ratio at $3.00 a day (2021 PPP) (% of population),SI.POV.DDAY,1995,0.2
Germany,DEU,Poverty headcount ratio at $3.00 a day (2021 PPP) (% of population),SI.POV.DDAY,1996,0.1
Germany,DEU,Poverty headcount ratio at $3.00 a day (2021 PPP) (% of population),SI.POV.DDAY,1997,0.1
Germany,DEU,Poverty headcount ratio at $3.00 a day (2021 PPP) (% of population),SI.POV.DDAY,1998,0.1
Germany,DEU,Poverty headcount ratio at $3.00 a day (2021 PPP) (% of population),SI.POV.DDAY,1999,0.1
Germany,DEU,Poverty headcount ratio at $3.00 a day (2021 PPP) (% of population),SI.POV.DDAY,2000,0.1
Germany,DEU,Poverty headcount ratio at $3.00 a day (2021 PPP) (% of population),SI.POV.DDAY,2001,0.1
Germany,DEU,Poverty headcount ratio at $3.00 a day (2021 PPP) (% of population),SI.POV.DDAY,2002,0.1
Germany,DEU,Poverty headcount ratio at $3.00 a day (2021 PPP) (% of population),SI.POV.DDAY,2003,0.1
Germany,DEU,Poverty headcount ratio at $3.00 a day (2021 PPP) (% of population),SI.POV.DDAY,2004,0.1
Germany,DEU,Poverty headcount ratio at $3.00 a day (2021 PPP) (% of population),SI.POV.DDAY,2005,0.1
Germany,DEU,Poverty headcount ratio at $3.00 a day (2021 PPP) (% of population),SI.POV.DDAY,2007,0.1
Germany,DEU,Poverty headcount ratio at $3.00 a day (2021 PPP) (% of population),SI.POV.DDAY,2008,0.1
Germany,DEU,Poverty headcount ratio at $3.00 a day (2021 PPP) (% of population),SI.POV.DDAY,2009,0.1
Germany,DEU,Poverty headcount ratio at $3.00 a day (2021 PPP) (% of population),SI.POV.DDAY,2010,0.1
Germany,DEU,Poverty headcount ratio at $3.00 a day (2021 PPP) (% of population),SI.POV.DDAY,2011,0.1
Germany,DEU,Poverty headcount ratio at $3.00 a day (2021 PPP) (% of population),SI.POV.DDAY,2012,0.1
Germany,DEU,Poverty headcount ratio at $3.00 a day (2021 PPP) (% of population),SI.POV.DDAY,2013,0.1
Germany,DEU,Poverty headcount ratio at $3.00 a day (2021 PPP) (% of population),SI.POV.DDAY,2014,0.1
Germany,DEU,Poverty headcount ratio at $3.00 a day (2021 PPP) (% of population),SI.POV.DDAY,2015,0.1
Germany,DEU,Poverty headcount ratio at $3.00 a day (2021 PPP) (% of population),SI.POV.DDAY,2016,0.1
Germany,DEU,Poverty headcount ratio at $3.00 a day (2021 PPP) (% of population),SI.POV.DDAY,2017,0.2
Germany,DEU,Poverty headcount ratio at $3.00 a day (2021 PPP) (% of population),SI.POV.DDAY,2018,0.1
Germany,DEU,Poverty headcount ratio at $3.00 a day (2021 PPP) (% of population),SI.POV.DDAY,2019,0.2
Germany,DEU,Poverty headcount ratio at $3.00 a day (2021 PPP) (% of population),SI.POV.DDAY,2020,0.3
Germany,DEU,Poverty headcount ratio at $3.00 a day (2021 PPP) (% of population),SI.POV.DDAY,2021,0.6
Germany,DEU,Poverty headcount ratio at $3.00 a day (2021 PPP) (% of population),SI.POV.DDAY,2022,0.7
Ghana,GHA,Poverty headcount ratio at $3.00 a day (2021 PPP) (% of population),SI.POV.DDAY,1987,78.2
Ghana,GHA,Poverty headcount ratio at $3.00 a day (2021 PPP) (% of population),SI.POV.DDAY,1988,77.4
Ghana,GHA,Poverty headcount ratio at $3.00 a day (2021 PPP) (% of population),SI.POV.DDAY,1991,80.4
Ghana,GHA,Poverty headcount ratio at $3.00 a day (2021 PPP) (% of population),SI.POV.DDAY,1998,65.3
Ghana,GHA,Poverty headcount ratio at $3.00 a day (2021 PPP) (% of population),SI.POV.DDAY,2005,60.9
Ghana,GHA,Poverty headcount ratio at $3.00 a day (2021 PPP) (% of population),SI.POV.DDAY,2012,41.8
Ghana,GHA,Poverty headcount ratio at $3.00 a day (2021 PPP) (% of population),SI.POV.DDAY,2016,39
Greece,GRC,Poverty headcount ratio at $3.00 a day (2021 PPP) (% of population),SI.POV.DDAY,1995,1.2
Greece,GRC,Poverty headcount ratio at $3.00 a day (2021 PPP) (% of population),SI.POV.DDAY,2000,0.3
Greece,GRC,Poverty headcount ratio at $3.00 a day (2021 PPP) (% of population),SI.POV.DDAY,2002,0.4
Greece,GRC,Poverty headcount ratio at $3.00 a day (2021 PPP) (% of population),SI.POV.DDAY,2003,0.6
Greece,GRC,Poverty headcount ratio at $3.00 a day (2021 PPP) (% of population),SI.POV.DDAY,2004,0.9
Greece,GRC,Poverty headcount ratio at $3.00 a day (2021 PPP) (% of population),SI.POV.DDAY,2005,0.4
Greece,GRC,Poverty headcount ratio at $3.00 a day (2021 PPP) (% of population),SI.POV.DDAY,2006,0.7
Greece,GRC,Poverty headcount ratio at $3.00 a day (2021 PPP) (% of population),SI.POV.DDAY,2007,0.6
Greece,GRC,Poverty headcount ratio at $3.00 a day (2021 PPP) (% of population),SI.POV.DDAY,2008,0.4
Greece,GRC,Poverty headcount ratio at $3.00 a day (2021 PPP) (% of population),SI.POV.DDAY,2009,0.6
Greece,GRC,Poverty headcount ratio at $3.00 a day (2021 PPP) (% of population),SI.POV.DDAY,2010,1.1
Greece,GRC,Poverty headcount ratio at $3.00 a day (2021 PPP) (% of population),SI.POV.DDAY,2011,1.5
Greece,GRC,Poverty headcount ratio at $3.00 a day (2021 PPP) (% of population),SI.POV.DDAY,2012,2.1
Greece,GRC,Poverty headcount ratio at $3.00 a day (2021 PPP) (% of population),SI.POV.DDAY,2013,1.5
Greece,GRC,Poverty headcount ratio at $3.00 a day (2021 PPP) (% of population),SI.POV.DDAY,2014,2
Greece,GRC,Poverty headcount ratio at $3.00 a day (2021 PPP) (% of population),SI.POV.DDAY,2015,2
Greece,GRC,Poverty headcount ratio at $3.00 a day (2021 PPP) (% of population),SI.POV.DDAY,2016,1.4
Greece,GRC,Poverty headcount ratio at $3.00 a day (2021 PPP) (% of population),SI.POV.DDAY,2017,1.1
Greece,GRC,Poverty headcount ratio at $3.00 a day (2021 PPP) (% of population),SI.POV.DDAY,2018,0.2
Greece,GRC,Poverty headcount ratio at $3.00 a day (2021 PPP) (% of population),SI.POV.DDAY,2019,1
Greece,GRC,Poverty headcount ratio at $3.00 a day (2021 PPP) (% of population),SI.POV.DDAY,2020,1.1
Greece,GRC,Poverty headcount ratio at $3.00 a day (2021 PPP) (% of population),SI.POV.DDAY,2021,0.7
Greece,GRC,Poverty headcount ratio at $3.00 a day (2021 PPP) (% of population),SI.POV.DDAY,2022,0.6
Greece,GRC,Poverty headcount ratio at $3.00 a day (2021 PPP) (% of population),SI.POV.DDAY,2023,0.6
Grenada,GRD,Poverty headcount ratio at $3.00 a day (2021 PPP) (% of population),SI.POV.DDAY,2018,0.8
Guatemala,GTM,Poverty headcount ratio at $3.00 a day (2021 PPP) (% of population),SI.POV.DDAY,1986,47.4
Guatemala,GTM,Poverty headcount ratio at $3.00 a day (2021 PPP) (% of population),SI.POV.DDAY,1989,35.1
Guatemala,GTM,Poverty headcount ratio at $3.00 a day (2021 PPP) (% of population),SI.POV.DDAY,1998,13.4
Guatemala,GTM,Poverty headcount ratio at $3.00 a day (2021 PPP) (% of population),SI.POV.DDAY,2000,8.8
Guatemala,GTM,Poverty headcount ratio at $3.00 a day (2021 PPP) (% of population),SI.POV.DDAY,2006,10.5
Guatemala,GTM,Poverty headcount ratio at $3.00 a day (2021 PPP) (% of population),SI.POV.DDAY,2014,8
Guatemala,GTM,Poverty headcount ratio at $3.00 a day (2021 PPP) (% of population),SI.POV.DDAY,2023,9.7
Guinea,GIN,Poverty headcount ratio at $3.00 a day (2021 PPP) (% of population),SI.POV.DDAY,1991,86.4
Guinea,GIN,Poverty headcount ratio at $3.00 a day (2021 PPP) (% of population),SI.POV.DDAY,1994,37.5
Guinea,GIN,Poverty headcount ratio at $3.00 a day (2021 PPP) (% of population),SI.POV.DDAY,2002,50.3
Guinea,GIN,Poverty headcount ratio at $3.00 a day (2021 PPP) (% of population),SI.POV.DDAY,2007,44
Guinea,GIN,Poverty headcount ratio at $3.00 a day (2021 PPP) (% of population),SI.POV.DDAY,2012,21.3
Guinea,GIN,Poverty headcount ratio at $3.00 a day (2021 PPP) (% of population),SI.POV.DDAY,2018,11.7
Guinea-Bissau,GNB,Poverty headcount ratio at $3.00 a day (2021 PPP) (% of population),SI.POV.DDAY,1991,50.8
Guinea-Bissau,GNB,Poverty headcount ratio at $3.00 a day (2021 PPP) (% of population),SI.POV.DDAY,1993,52.8
Guinea-Bissau,GNB,Poverty headcount ratio at $3.00 a day (2021 PPP) (% of population),SI.POV.DDAY,2002,68.2
Guinea-Bissau,GNB,Poverty headcount ratio at $3.00 a day (2021 PPP) (% of population),SI.POV.DDAY,2010,75.7
Guinea-Bissau,GNB,Poverty headcount ratio at $3.00 a day (2021 PPP) (% of population),SI.POV.DDAY,2018,37.1
Guinea-Bissau,GNB,Poverty headcount ratio at $3.00 a day (2021 PPP) (% of population),SI.POV.DDAY,2021,39.9
Guyana,GUY,Poverty headcount ratio at $3.00 a day (2021 PPP) (% of population),SI.POV.DDAY,1992,33.3
Guyana,GUY,Poverty headcount ratio at $3.00 a day (2021 PPP) (% of population),SI.POV.DDAY,1998,13
Haiti,HTI,Poverty headcount ratio at $3.00 a day (2021 PPP) (% of population),SI.POV.DDAY,2001,75.1
Haiti,HTI,Poverty headcount ratio at $3.00 a day (2021 PPP) (% of population),SI.POV.DDAY,2012,40.4
High income,HIC,Poverty headcount ratio at $3.00 a day (2021 PPP) (% of population),SI.POV.DDAY,1982,1.5
High income,HIC,Poverty headcount ratio at $3.00 a day (2021 PPP) (% of population),SI.POV.DDAY,1983,1.5
High income,HIC,Poverty headcount ratio at $3.00 a day (2021 PPP) (% of population),SI.POV.DDAY,1984,1.4
High income,HIC,Poverty headcount ratio at $3.00 a day (2021 PPP) (% of population),SI.POV.DDAY,1985,1.4
High income,HIC,Poverty headcount ratio at $3.00 a day (2021 PPP) (% of population),SI.POV.DDAY,1986,1.4
High income,HIC,Poverty headcount ratio at $3.00 a day (2021 PPP) (% of population),SI.POV.DDAY,1987,1.3
High income,HIC,Poverty headcount ratio at $3.00 a day (2021 PPP) (% of population),SI.POV.DDAY,1988,1.2
High income,HIC,Poverty headcount ratio at $3.00 a day (2021 PPP) (% of population),SI.POV.DDAY,1989,1.2
High income,HIC,Poverty headcount ratio at $3.00 a day (2021 PPP) (% of population),SI.POV.DDAY,1990,1.2
High income,HIC,Poverty headcount ratio at $3.00 a day (2021 PPP) (% of population),SI.POV.DDAY,1991,1.3
High income,HIC,Poverty headcount ratio at $3.00 a day (2021 PPP) (% of population),SI.POV.DDAY,1992,1.5
High income,HIC,Poverty headcount ratio at $3.00 a day (2021 PPP) (% of population),SI.POV.DDAY,1993,1.8
High income,HIC,Poverty headcount ratio at $3.00 a day (2021 PPP) (% of population),SI.POV.DDAY,1994,2.2
High income,HIC,Poverty headcount ratio at $3.00 a day (2021 PPP) (% of population),SI.POV.DDAY,1995,1.8
High income,HIC,Poverty headcount ratio at $3.00 a day (2021 PPP) (% of population),SI.POV.DDAY,1996,1.9
High income,HIC,Poverty headcount ratio at $3.00 a day (2021 PPP) (% of population),SI.POV.DDAY,1997,1.1
High income,HIC,Poverty headcount ratio at $3.00 a day (2021 PPP) (% of population),SI.POV.DDAY,1998,1.3
High income,HIC,Poverty headcount ratio at $3.00 a day (2021 PPP) (% of population),SI.POV.DDAY,1999,1.7
High income,HIC,Poverty headcount ratio at $3.00 a day (2021 PPP) (% of population),SI.POV.DDAY,2000,1.5
High income,HIC,Poverty headcount ratio at $3.00 a day (2021 PPP) (% of population),SI.POV.DDAY,2001,1.3
High income,HIC,Poverty headcount ratio at $3.00 a day (2021 PPP) (% of population),SI.POV.DDAY,2002,1.1
High income,HIC,Poverty headcount ratio at $3.00 a day (2021 PPP) (% of population),SI.POV.DDAY,2003,1.1
High income,HIC,Poverty headcount ratio at $3.00 a day (2021 PPP) (% of population),SI.POV.DDAY,2004,1
High income,HIC,Poverty headcount ratio at $3.00 a day (2021 PPP) (% of population),SI.POV.DDAY,2005,0.9
High income,HIC,Poverty headcount ratio at $3.00 a day (2021 PPP) (% of population),SI.POV.DDAY,2006,0.8
High income,HIC,Poverty headcount ratio at $3.00 a day (2021 PPP) (% of population),SI.POV.DDAY,2007,0.6
High income,HIC,Poverty headcount ratio at $3.00 a day (2021 PPP) (% of population),SI.POV.DDAY,2008,0.6
High income,HIC,Poverty headcount ratio at $3.00 a day (2021 PPP) (% of population),SI.POV.DDAY,2009,0.6
High income,HIC,Poverty headcount ratio at $3.00 a day (2021 PPP) (% of population),SI.POV.DDAY,2010,0.6
High income,HIC,Poverty headcount ratio at $3.00 a day (2021 PPP) (% of population),SI.POV.DDAY,2011,0.6
High income,HIC,Poverty headcount ratio at $3.00 a day (2021 PPP) (% of population),SI.POV.DDAY,2012,0.7
High income,HIC,Poverty headcount ratio at $3.00 a day (2021 PPP) (% of population),SI.POV.DDAY,2013,0.6
High income,HIC,Poverty headcount ratio at $3.00 a day (2021 PPP) (% of population),SI.POV.DDAY,2014,0.8
High income,HIC,Poverty headcount ratio at $3.00 a day (2021 PPP) (% of population),SI.POV.DDAY,2015,0.7
High income,HIC,Poverty headcount ratio at $3.00 a day (2021 PPP) (% of population),SI.POV.DDAY,2016,0.6
High income,HIC,Poverty headcount ratio at $3.00 a day (2021 PPP) (% of population),SI.POV.DDAY,2017,0.7
High income,HIC,Poverty headcount ratio at $3.00 a day (2021 PPP) (% of population),SI.POV.DDAY,2018,0.6
High income,HIC,Poverty headcount ratio at $3.00 a day (2021 PPP) (% of population),SI.POV.DDAY,2019,0.6
High income,HIC,Poverty headcount ratio at $3.00 a day (2021 PPP) (% of population),SI.POV.DDAY,2020,0.4
High income,HIC,Poverty headcount ratio at $3.00 a day (2021 PPP) (% of population),SI.POV.DDAY,2021,0.4
High income,HIC,Poverty headcount ratio at $3.00 a day (2021 PPP) (% of population),SI.POV.DDAY,2022,0.7
High income,HIC,Poverty headcount ratio at $3.00 a day (2021 PPP) (% of population),SI.POV.DDAY,2023,0.6
High income,HIC,Poverty headcount ratio at $3.00 a day (2021 PPP) (% of population),SI.POV.DDAY,2024,0.6
Honduras,HND,Poverty headcount ratio at $3.00 a day (2021 PPP) (% of population),SI.POV.DDAY,1989,49.5
Honduras,HND,Poverty headcount ratio at $3.00 a day (2021 PPP) (% of population),SI.POV.DDAY,1990,51.7
Honduras,HND,Poverty headcount ratio at $3.00 a day (2021 PPP) (% of population),SI.POV.DDAY,1991,41.3
Honduras,HND,Poverty headcount ratio at $3.00 a day (2021 PPP) (% of population),SI.POV.DDAY,1992,36.5
Honduras,HND,Poverty headcount ratio at $3.00 a day (2021 PPP) (% of population),SI.POV.DDAY,1993,31.3
Honduras,HND,Poverty headcount ratio at $3.00 a day (2021 PPP) (% of population),SI.POV.DDAY,1994,32.9
Honduras,HND,Poverty headcount ratio at $3.00 a day (2021 PPP) (% of population),SI.POV.DDAY,1995,34.4
Honduras,HND,Poverty headcount ratio at $3.00 a day (2021 PPP) (% of population),SI.POV.DDAY,1996,38.2
Honduras,HND,Poverty headcount ratio at $3.00 a day (2021 PPP) (% of population),SI.POV.DDAY,1997,27.5
Honduras,HND,Poverty headcount ratio at $3.00 a day (2021 PPP) (% of population),SI.POV.DDAY,1998,32.3
Honduras,HND,Poverty headcount ratio at $3.00 a day (2021 PPP) (% of population),SI.POV.DDAY,1999,32.1
Honduras,HND,Poverty headcount ratio at $3.00 a day (2021 PPP) (% of population),SI.POV.DDAY,2001,26.5
Honduras,HND,Poverty headcount ratio at $3.00 a day (2021 PPP) (% of population),SI.POV.DDAY,2002,29
Honduras,HND,Poverty headcount ratio at $3.00 a day (2021 PPP) (% of population),SI.POV.DDAY,2003,34
Honduras,HND,Poverty headcount ratio at $3.00 a day (2021 PPP) (% of population),SI.POV.DDAY,2004,33.3
Honduras,HND,Poverty headcount ratio at $3.00 a day (2021 PPP) (% of population),SI.POV.DDAY,2005,31.3
Honduras,HND,Poverty headcount ratio at $3.00 a day (2021 PPP) (% of population),SI.POV.DDAY,2006,27.3
Honduras,HND,Poverty headcount ratio at $3.00 a day (2021 PPP) (% of population),SI.POV.DDAY,2007,22
Honduras,HND,Poverty headcount ratio at $3.00 a day (2021 PPP) (% of population),SI.POV.DDAY,2008,20.9
Honduras,HND,Poverty headcount ratio at $3.00 a day (2021 PPP) (% of population),SI.POV.DDAY,2009,18.1
Honduras,HND,Poverty headcount ratio at $3.00 a day (2021 PPP) (% of population),SI.POV.DDAY,2010,19.6
Honduras,HND,Poverty headcount ratio at $3.00 a day (2021 PPP) (% of population),SI.POV.DDAY,2011,20.1
Honduras,HND,Poverty headcount ratio at $3.00 a day (2021 PPP) (% of population),SI.POV.DDAY,2012,24
Honduras,HND,Poverty headcount ratio at $3.00 a day (2021 PPP) (% of population),SI.POV.DDAY,2013,20.8
Honduras,HND,Poverty headcount ratio at $3.00 a day (2021 PPP) (% of population),SI.POV.DDAY,2014,20.6
Honduras,HND,Poverty headcount ratio at $3.00 a day (2021 PPP) (% of population),SI.POV.DDAY,2015,19.9
Honduras,HND,Poverty headcount ratio at $3.00 a day (2021 PPP) (% of population),SI.POV.DDAY,2016,19.8
Honduras,HND,Poverty headcount ratio at $3.00 a day (2021 PPP) (% of population),SI.POV.DDAY,2017,19.3
Honduras,HND,Poverty headcount ratio at $3.00 a day (2021 PPP) (% of population),SI.POV.DDAY,2018,19.8
Honduras,HND,Poverty headcount ratio at $3.00 a day (2021 PPP) (% of population),SI.POV.DDAY,2019,18.8
Honduras,HND,Poverty headcount ratio at $3.00 a day (2021 PPP) (% of population),SI.POV.DDAY,2023,17
Honduras,HND,Poverty headcount ratio at $3.00 a day (2021 PPP) (% of population),SI.POV.DDAY,2024,15.7
Hungary,HUN,Poverty headcount ratio at $3.00 a day (2021 PPP) (% of population),SI.POV.DDAY,1991,2.1
Hungary,HUN,Poverty headcount ratio at $3.00 a day (2021 PPP) (% of population),SI.POV.DDAY,1994,1.9
Hungary,HUN,Poverty headcount ratio at $3.00 a day (2021 PPP) (% of population),SI.POV.DDAY,1998,0.4
Hungary,HUN,Poverty headcount ratio at $3.00 a day (2021 PPP) (% of population),SI.POV.DDAY,1999,0.6
Hungary,HUN,Poverty headcount ratio at $3.00 a day (2021 PPP) (% of population),SI.POV.DDAY,2000,0.1
Hungary,HUN,Poverty headcount ratio at $3.00 a day (2021 PPP) (% of population),SI.POV.DDAY,2002,0.1
Hungary,HUN,Poverty headcount ratio at $3.00 a day (2021 PPP) (% of population),SI.POV.DDAY,2003,0.2
Hungary,HUN,Poverty headcount ratio at $3.00 a day (2021 PPP) (% of population),SI.POV.DDAY,2004,0.3
Hungary,HUN,Poverty headcount ratio at $3.00 a day (2021 PPP) (% of population),SI.POV.DDAY,2005,1
Hungary,HUN,Poverty headcount ratio at $3.00 a day (2021 PPP) (% of population),SI.POV.DDAY,2006,0.2
Hungary,HUN,Poverty headcount ratio at $3.00 a day (2021 PPP) (% of population),SI.POV.DDAY,2007,0.2
Hungary,HUN,Poverty headcount ratio at $3.00 a day (2021 PPP) (% of population),SI.POV.DDAY,2008,0.1
Hungary,HUN,Poverty headcount ratio at $3.00 a day (2021 PPP) (% of population),SI.POV.DDAY,2009,0.1
Hungary,HUN,Poverty headcount ratio at $3.00 a day (2021 PPP) (% of population),SI.POV.DDAY,2010,0.2
Hungary,HUN,Poverty headcount ratio at $3.00 a day (2021 PPP) (% of population),SI.POV.DDAY,2011,0.2
Hungary,HUN,Poverty headcount ratio at $3.00 a day (2021 PPP) (% of population),SI.POV.DDAY,2012,0.5
Hungary,HUN,Poverty headcount ratio at $3.00 a day (2021 PPP) (% of population),SI.POV.DDAY,2013,0.5
Hungary,HUN,Poverty headcount ratio at $3.00 a day (2021 PPP) (% of population),SI.POV.DDAY,2014,1
Hungary,HUN,Poverty headcount ratio at $3.00 a day (2021 PPP) (% of population),SI.POV.DDAY,2015,1
Hungary,HUN,Poverty headcount ratio at $3.00 a day (2021 PPP) (% of population),SI.POV.DDAY,2016,1.6
Hungary,HUN,Poverty headcount ratio at $3.00 a day (2021 PPP) (% of population),SI.POV.DDAY,2017,0.9
Iceland,ISL,Poverty headcount ratio at $3.00 a day (2021 PPP) (% of population),SI.POV.DDAY,2004,0.2
Iceland,ISL,Poverty headcount ratio at $3.00 a day (2021 PPP) (% of population),SI.POV.DDAY,2006,0.2
Iceland,ISL,Poverty headcount ratio at $3.00 a day (2021 PPP) (% of population),SI.POV.DDAY,2007,0.1
Iceland,ISL,Poverty headcount ratio at $3.00 a day (2021 PPP) (% of population),SI.POV.DDAY,2008,0.1
Iceland,ISL,Poverty headcount ratio at $3.00 a day (2021 PPP) (% of population),SI.POV.DDAY,2009,0.1
Iceland,ISL,Poverty headcount ratio at $3.00 a day (2021 PPP) (% of population),SI.POV.DDAY,2010,0.1
Iceland,ISL,Poverty headcount ratio at $3.00 a day (2021 PPP) (% of population),SI.POV.DDAY,2011,0.2
Iceland,ISL,Poverty headcount ratio at $3.00 a day (2021 PPP) (% of population),SI.POV.DDAY,2013,0.1
Iceland,ISL,Poverty headcount ratio at $3.00 a day (2021 PPP) (% of population),SI.POV.DDAY,2018,0.3
Iceland,ISL,Poverty headcount ratio at $3.00 a day (2021 PPP) (% of population),SI.POV.DDAY,2019,0.1
IDA total,IDA,Poverty headcount ratio at $3.00 a day (2021 PPP) (% of population),SI.POV.DDAY,1989,63.1
IDA total,IDA,Poverty headcount ratio at $3.00 a day (2021 PPP) (% of population),SI.POV.DDAY,1990,63.3
IDA total,IDA,Poverty headcount ratio at $3.00 a day (2021 PPP) (% of population),SI.POV.DDAY,1991,62.9
IDA total,IDA,Poverty headcount ratio at $3.00 a day (2021 PPP) (% of population),SI.POV.DDAY,1992,62
IDA total,IDA,Poverty headcount ratio at $3.00 a day (2021 PPP) (% of population),SI.POV.DDAY,1993,62.3
IDA total,IDA,Poverty headcount ratio at $3.00 a day (2021 PPP) (% of population),SI.POV.DDAY,1994,61.2
IDA total,IDA,Poverty headcount ratio at $3.00 a day (2021 PPP) (% of population),SI.POV.DDAY,1995,60.7
IDA total,IDA,Poverty headcount ratio at $3.00 a day (2021 PPP) (% of population),SI.POV.DDAY,1996,59.5
IDA total,IDA,Poverty headcount ratio at $3.00 a day (2021 PPP) (% of population),SI.POV.DDAY,1997,58.9
IDA total,IDA,Poverty headcount ratio at $3.00 a day (2021 PPP) (% of population),SI.POV.DDAY,1998,58.9
IDA total,IDA,Poverty headcount ratio at $3.00 a day (2021 PPP) (% of population),SI.POV.DDAY,1999,58.9
IDA total,IDA,Poverty headcount ratio at $3.00 a day (2021 PPP) (% of population),SI.POV.DDAY,2000,58.5
IDA total,IDA,Poverty headcount ratio at $3.00 a day (2021 PPP) (% of population),SI.POV.DDAY,2001,57.8
IDA total,IDA,Poverty headcount ratio at $3.00 a day (2021 PPP) (% of population),SI.POV.DDAY,2002,57.1
IDA total,IDA,Poverty headcount ratio at $3.00 a day (2021 PPP) (% of population),SI.POV.DDAY,2003,55.3
IDA total,IDA,Poverty headcount ratio at $3.00 a day (2021 PPP) (% of population),SI.POV.DDAY,2004,51.9
IDA total,IDA,Poverty headcount ratio at $3.00 a day (2021 PPP) (% of population),SI.POV.DDAY,2005,50
IDA total,IDA,Poverty headcount ratio at $3.00 a day (2021 PPP) (% of population),SI.POV.DDAY,2006,48.3
IDA total,IDA,Poverty headcount ratio at $3.00 a day (2021 PPP) (% of population),SI.POV.DDAY,2007,46.5
IDA total,IDA,Poverty headcount ratio at $3.00 a day (2021 PPP) (% of population),SI.POV.DDAY,2008,44.3
IDA total,IDA,Poverty headcount ratio at $3.00 a day (2021 PPP) (% of population),SI.POV.DDAY,2009,43.9
IDA total,IDA,Poverty headcount ratio at $3.00 a day (2021 PPP) (% of population),SI.POV.DDAY,2010,41.8
IDA total,IDA,Poverty headcount ratio at $3.00 a day (2021 PPP) (% of population),SI.POV.DDAY,2011,40.9
IDA total,IDA,Poverty headcount ratio at $3.00 a day (2021 PPP) (% of population),SI.POV.DDAY,2012,39.6
IDA total,IDA,Poverty headcount ratio at $3.00 a day (2021 PPP) (% of population),SI.POV.DDAY,2013,37.1
IDA total,IDA,Poverty headcount ratio at $3.00 a day (2021 PPP) (% of population),SI.POV.DDAY,2014,36.2
IDA total,IDA,Poverty headcount ratio at $3.00 a day (2021 PPP) (% of population),SI.POV.DDAY,2015,36
IDA total,IDA,Poverty headcount ratio at $3.00 a day (2021 PPP) (% of population),SI.POV.DDAY,2016,35.6
IDA total,IDA,Poverty headcount ratio at $3.00 a day (2021 PPP) (% of population),SI.POV.DDAY,2017,34.7
IDA total,IDA,Poverty headcount ratio at $3.00 a day (2021 PPP) (% of population),SI.POV.DDAY,2018,34
IDA total,IDA,Poverty headcount ratio at $3.00 a day (2021 PPP) (% of population),SI.POV.DDAY,2019,33.9
IDA total,IDA,Poverty headcount ratio at $3.00 a day (2021 PPP) (% of population),SI.POV.DDAY,2020,35.7
IDA total,IDA,Poverty headcount ratio at $3.00 a day (2021 PPP) (% of population),SI.POV.DDAY,2021,36.2
IDA total,IDA,Poverty headcount ratio at $3.00 a day (2021 PPP) (% of population),SI.POV.DDAY,2022,35.9
IDA total,IDA,Poverty headcount ratio at $3.00 a day (2021 PPP) (% of population),SI.POV.DDAY,2023,36.1
IDA total,IDA,Poverty headcount ratio at $3.00 a day (2021 PPP) (% of population),SI.POV.DDAY,2024,35.9
India,IND,Poverty headcount ratio at $3.00 a day (2021 PPP) (% of population),SI.POV.DDAY,1977,59.7
India,IND,Poverty headcount ratio at $3.00 a day (2021 PPP) (% of population),SI.POV.DDAY,1983,50.9
India,IND,Poverty headcount ratio at $3.00 a day (2021 PPP) (% of population),SI.POV.DDAY,1987,51.8
India,IND,Poverty headcount ratio at $3.00 a day (2021 PPP) (% of population),SI.POV.DDAY,1993,47.5
India,IND,Poverty headcount ratio at $3.00 a day (2021 PPP) (% of population),SI.POV.DDAY,2004,46.4
India,IND,Poverty headcount ratio at $3.00 a day (2021 PPP) (% of population),SI.POV.DDAY,2009,34.6
India,IND,Poverty headcount ratio at $3.00 a day (2021 PPP) (% of population),SI.POV.DDAY,2011,27.1
India,IND,Poverty headcount ratio at $3.00 a day (2021 PPP) (% of population),SI.POV.DDAY,2022,5.3
Indonesia,IDN,Poverty headcount ratio at $3.00 a day (2021 PPP) (% of population),SI.POV.DDAY,1984,86.2
Indonesia,IDN,Poverty headcount ratio at $3.00 a day (2021 PPP) (% of population),SI.POV.DDAY,1987,86.8
Indonesia,IDN,Poverty headcount ratio at $3.00 a day (2021 PPP) (% of population),SI.POV.DDAY,1990,78.6
Indonesia,IDN,Poverty headcount ratio at $3.00 a day (2021 PPP) (% of population),SI.POV.DDAY,1993,78
Indonesia,IDN,Poverty headcount ratio at $3.00 a day (2021 PPP) (% of population),SI.POV.DDAY,1996,68.1
Indonesia,IDN,Poverty headcount ratio at $3.00 a day (2021 PPP) (% of population),SI.POV.DDAY,1998,82.8
Indonesia,IDN,Poverty headcount ratio at $3.00 a day (2021 PPP) (% of population),SI.POV.DDAY,1999,66.2
Indonesia,IDN,Poverty headcount ratio at $3.00 a day (2021 PPP) (% of population),SI.POV.DDAY,2000,65.7
Indonesia,IDN,Poverty headcount ratio at $3.00 a day (2021 PPP) (% of population),SI.POV.DDAY,2001,62.3
Indonesia,IDN,Poverty headcount ratio at $3.00 a day (2021 PPP) (% of population),SI.POV.DDAY,2002,46.8
Indonesia,IDN,Poverty headcount ratio at $3.00 a day (2021 PPP) (% of population),SI.POV.DDAY,2003,45.5
Indonesia,IDN,Poverty headcount ratio at $3.00 a day (2021 PPP) (% of population),SI.POV.DDAY,2004,45.4
Indonesia,IDN,Poverty headcount ratio at $3.00 a day (2021 PPP) (% of population),SI.POV.DDAY,2005,41.1
Indonesia,IDN,Poverty headcount ratio at $3.00 a day (2021 PPP) (% of population),SI.POV.DDAY,2006,46.8
Indonesia,IDN,Poverty headcount ratio at $3.00 a day (2021 PPP) (% of population),SI.POV.DDAY,2007,41.1
Indonesia,IDN,Poverty headcount ratio at $3.00 a day (2021 PPP) (% of population),SI.POV.DDAY,2008,38
Indonesia,IDN,Poverty headcount ratio at $3.00 a day (2021 PPP) (% of population),SI.POV.DDAY,2009,37.9
Indonesia,IDN,Poverty headcount ratio at $3.00 a day (2021 PPP) (% of population),SI.POV.DDAY,2010,34.1
Indonesia,IDN,Poverty headcount ratio at $3.00 a day (2021 PPP) (% of population),SI.POV.DDAY,2011,31.2
Indonesia,IDN,Poverty headcount ratio at $3.00 a day (2021 PPP) (% of population),SI.POV.DDAY,2012,26.6
Indonesia,IDN,Poverty headcount ratio at $3.00 a day (2021 PPP) (% of population),SI.POV.DDAY,2013,27.2
Indonesia,IDN,Poverty headcount ratio at $3.00 a day (2021 PPP) (% of population),SI.POV.DDAY,2014,25.7
Indonesia,IDN,Poverty headcount ratio at $3.00 a day (2021 PPP) (% of population),SI.POV.DDAY,2015,21.6
Indonesia,IDN,Poverty headcount ratio at $3.00 a day (2021 PPP) (% of population),SI.POV.DDAY,2016,18
Indonesia,IDN,Poverty headcount ratio at $3.00 a day (2021 PPP) (% of population),SI.POV.DDAY,2017,14.8
Indonesia,IDN,Poverty headcount ratio at $3.00 a day (2021 PPP) (% of population),SI.POV.DDAY,2018,12.5
Indonesia,IDN,Poverty headcount ratio at $3.00 a day (2021 PPP) (% of population),SI.POV.DDAY,2019,10.9
Indonesia,IDN,Poverty headcount ratio at $3.00 a day (2021 PPP) (% of population),SI.POV.DDAY,2020,9.8
Indonesia,IDN,Poverty headcount ratio at $3.00 a day (2021 PPP) (% of population),SI.POV.DDAY,2021,8.6
Indonesia,IDN,Poverty headcount ratio at $3.00 a day (2021 PPP) (% of population),SI.POV.DDAY,2022,7.9
Indonesia,IDN,Poverty headcount ratio at $3.00 a day (2021 PPP) (% of population),SI.POV.DDAY,2023,6.7
Indonesia,IDN,Poverty headcount ratio at $3.00 a day (2021 PPP) (% of population),SI.POV.DDAY,2024,5.4
Indonesia,IDN,Poverty headcount ratio at $3.00 a day (2021 PPP) (% of population),SI.POV.DDAY,2025,4
"Iran, Islamic Rep.",IRN,Poverty headcount ratio at $3.00 a day (2021 PPP) (% of population),SI.POV.DDAY,1986,21.8
"Iran, Islamic Rep.",IRN,Poverty headcount ratio at $3.00 a day (2021 PPP) (% of population),SI.POV.DDAY,1990,21.6
"Iran, Islamic Rep.",IRN,Poverty headcount ratio at $3.00 a day (2021 PPP) (% of population),SI.POV.DDAY,1994,15.8
"Iran, Islamic Rep.",IRN,Poverty headcount ratio at $3.00 a day (2021 PPP) (% of population),SI.POV.DDAY,1998,15.2
"Iran, Islamic Rep.",IRN,Poverty headcount ratio at $3.00 a day (2021 PPP) (% of population),SI.POV.DDAY,2005,4.5
"Iran, Islamic Rep.",IRN,Poverty headcount ratio at $3.00 a day (2021 PPP) (% of population),SI.POV.DDAY,2006,4.5
"Iran, Islamic Rep.",IRN,Poverty headcount ratio at $3.00 a day (2021 PPP) (% of population),SI.POV.DDAY,2009,4.9
"Iran, Islamic Rep.",IRN,Poverty headcount ratio at $3.00 a day (2021 PPP) (% of population),SI.POV.DDAY,2011,2.3
"Iran, Islamic Rep.",IRN,Poverty headcount ratio at $3.00 a day (2021 PPP) (% of population),SI.POV.DDAY,2012,1.8
"Iran, Islamic Rep.",IRN,Poverty headcount ratio at $3.00 a day (2021 PPP) (% of population),SI.POV.DDAY,2013,1.9
"Iran, Islamic Rep.",IRN,Poverty headcount ratio at $3.00 a day (2021 PPP) (% of population),SI.POV.DDAY,2014,3.3
"Iran, Islamic Rep.",IRN,Poverty headcount ratio at $3.00 a day (2021 PPP) (% of population),SI.POV.DDAY,2015,3
"Iran, Islamic Rep.",IRN,Poverty headcount ratio at $3.00 a day (2021 PPP) (% of population),SI.POV.DDAY,2016,3
"Iran, Islamic Rep.",IRN,Poverty headcount ratio at $3.00 a day (2021 PPP) (% of population),SI.POV.DDAY,2017,2.7
"Iran, Islamic Rep.",IRN,Poverty headcount ratio at $3.00 a day (2021 PPP) (% of population),SI.POV.DDAY,2018,3.2
"Iran, Islamic Rep.",IRN,Poverty headcount ratio at $3.00 a day (2021 PPP) (% of population),SI.POV.DDAY,2019,4.3
"Iran, Islamic Rep.",IRN,Poverty headcount ratio at $3.00 a day (2021 PPP) (% of population),SI.POV.DDAY,2020,4.6
"Iran, Islamic Rep.",IRN,Poverty headcount ratio at $3.00 a day (2021 PPP) (% of population),SI.POV.DDAY,2021,3.7
"Iran, Islamic Rep.",IRN,Poverty headcount ratio at $3.00 a day (2021 PPP) (% of population),SI.POV.DDAY,2022,2.8
"Iran, Islamic Rep.",IRN,Poverty headcount ratio at $3.00 a day (2021 PPP) (% of population),SI.POV.DDAY,2023,2.5
Iraq,IRQ,Poverty headcount ratio at $3.00 a day (2021 PPP) (% of population),SI.POV.DDAY,2006,0.6
Iraq,IRQ,Poverty headcount ratio at $3.00 a day (2021 PPP) (% of population),SI.POV.DDAY,2012,0.6
Iraq,IRQ,Poverty headcount ratio at $3.00 a day (2021 PPP) (% of population),SI.POV.DDAY,2023,0.5
Ireland,IRL,Poverty headcount ratio at $3.00 a day (2021 PPP) (% of population),SI.POV.DDAY,1987,1.3
Ireland,IRL,Poverty headcount ratio at $3.00 a day (2021 PPP) (% of population),SI.POV.DDAY,1994,0.4
Ireland,IRL,Poverty headcount ratio at $3.00 a day (2021 PPP) (% of population),SI.POV.DDAY,1995,0.4
Ireland,IRL,Poverty headcount ratio at $3.00 a day (2021 PPP) (% of population),SI.POV.DDAY,1996,0.2
Ireland,IRL,Poverty headcount ratio at $3.00 a day (2021 PPP) (% of population),SI.POV.DDAY,2000,0.2
Ireland,IRL,Poverty headcount ratio at $3.00 a day (2021 PPP) (% of population),SI.POV.DDAY,2002,0.3
Ireland,IRL,Poverty headcount ratio at $3.00 a day (2021 PPP) (% of population),SI.POV.DDAY,2003,0.2
Ireland,IRL,Poverty headcount ratio at $3.00 a day (2021 PPP) (% of population),SI.POV.DDAY,2004,0.1
Ireland,IRL,Poverty headcount ratio at $3.00 a day (2021 PPP) (% of population),SI.POV.DDAY,2005,0.1
Ireland,IRL,Poverty headcount ratio at $3.00 a day (2021 PPP) (% of population),SI.POV.DDAY,2006,0.5
Ireland,IRL,Poverty headcount ratio at $3.00 a day (2021 PPP) (% of population),SI.POV.DDAY,2007,0.1
Ireland,IRL,Poverty headcount ratio at $3.00 a day (2021 PPP) (% of population),SI.POV.DDAY,2008,0.2
Ireland,IRL,Poverty headcount ratio at $3.00 a day (2021 PPP) (% of population),SI.POV.DDAY,2009,0.6
Ireland,IRL,Poverty headcount ratio at $3.00 a day (2021 PPP) (% of population),SI.POV.DDAY,2010,0.7
Ireland,IRL,Poverty headcount ratio at $3.00 a day (2021 PPP) (% of population),SI.POV.DDAY,2011,0.7
Ireland,IRL,Poverty headcount ratio at $3.00 a day (2021 PPP) (% of population),SI.POV.DDAY,2012,0.5
Ireland,IRL,Poverty headcount ratio at $3.00 a day (2021 PPP) (% of population),SI.POV.DDAY,2013,0.7
Ireland,IRL,Poverty headcount ratio at $3.00 a day (2021 PPP) (% of population),SI.POV.DDAY,2014,0.4
Ireland,IRL,Poverty headcount ratio at $3.00 a day (2021 PPP) (% of population),SI.POV.DDAY,2015,0.4
Ireland,IRL,Poverty headcount ratio at $3.00 a day (2021 PPP) (% of population),SI.POV.DDAY,2016,0.3
Ireland,IRL,Poverty headcount ratio at $3.00 a day (2021 PPP) (% of population),SI.POV.DDAY,2017,0.3
Ireland,IRL,Poverty headcount ratio at $3.00 a day (2021 PPP) (% of population),SI.POV.DDAY,2018,0.1
Ireland,IRL,Poverty headcount ratio at $3.00 a day (2021 PPP) (% of population),SI.POV.DDAY,2019,0.1
Ireland,IRL,Poverty headcount ratio at $3.00 a day (2021 PPP) (% of population),SI.POV.DDAY,2020,0.2
Ireland,IRL,Poverty headcount ratio at $3.00 a day (2021 PPP) (% of population),SI.POV.DDAY,2021,0.1
Ireland,IRL,Poverty headcount ratio at $3.00 a day (2021 PPP) (% of population),SI.POV.DDAY,2022,0.2
Ireland,IRL,Poverty headcount ratio at $3.00 a day (2021 PPP) (% of population),SI.POV.DDAY,2023,0.1
Israel,ISR,Poverty headcount ratio at $3.00 a day (2021 PPP) (% of population),SI.POV.DDAY,1979,0.3
Israel,ISR,Poverty headcount ratio at $3.00 a day (2021 PPP) (% of population),SI.POV.DDAY,1986,0.5
Israel,ISR,Poverty headcount ratio at $3.00 a day (2021 PPP) (% of population),SI.POV.DDAY,1992,0.2
Israel,ISR,Poverty headcount ratio at $3.00 a day (2021 PPP) (% of population),SI.POV.DDAY,1997,0.6
Israel,ISR,Poverty headcount ratio at $3.00 a day (2021 PPP) (% of population),SI.POV.DDAY,2001,0.4
Israel,ISR,Poverty headcount ratio at $3.00 a day (2021 PPP) (% of population),SI.POV.DDAY,2002,0.8
Israel,ISR,Poverty headcount ratio at $3.00 a day (2021 PPP) (% of population),SI.POV.DDAY,2003,0.9
Israel,ISR,Poverty headcount ratio at $3.00 a day (2021 PPP) (% of population),SI.POV.DDAY,2004,1
Israel,ISR,Poverty headcount ratio at $3.00 a day (2021 PPP) (% of population),SI.POV.DDAY,2005,0.9
Israel,ISR,Poverty headcount ratio at $3.00 a day (2021 PPP) (% of population),SI.POV.DDAY,2006,0.5
Israel,ISR,Poverty headcount ratio at $3.00 a day (2021 PPP) (% of population),SI.POV.DDAY,2007,0.6
Israel,ISR,Poverty headcount ratio at $3.00 a day (2021 PPP) (% of population),SI.POV.DDAY,2008,0.7
Israel,ISR,Poverty headcount ratio at $3.00 a day (2021 PPP) (% of population),SI.POV.DDAY,2009,0.9
Israel,ISR,Poverty headcount ratio at $3.00 a day (2021 PPP) (% of population),SI.POV.DDAY,2010,0.6
Israel,ISR,Poverty headcount ratio at $3.00 a day (2021 PPP) (% of population),SI.POV.DDAY,2011,0.3
Israel,ISR,Poverty headcount ratio at $3.00 a day (2021 PPP) (% of population),SI.POV.DDAY,2012,0.8
Israel,ISR,Poverty headcount ratio at $3.00 a day (2021 PPP) (% of population),SI.POV.DDAY,2013,0.6
Israel,ISR,Poverty headcount ratio at $3.00 a day (2021 PPP) (% of population),SI.POV.DDAY,2014,0.6
Israel,ISR,Poverty headcount ratio at $3.00 a day (2021 PPP) (% of population),SI.POV.DDAY,2015,0.5
Israel,ISR,Poverty headcount ratio at $3.00 a day (2021 PPP) (% of population),SI.POV.DDAY,2016,0.5
Israel,ISR,Poverty headcount ratio at $3.00 a day (2021 PPP) (% of population),SI.POV.DDAY,2017,0.7
Israel,ISR,Poverty headcount ratio at $3.00 a day (2021 PPP) (% of population),SI.POV.DDAY,2018,0.7
Israel,ISR,Poverty headcount ratio at $3.00 a day (2021 PPP) (% of population),SI.POV.DDAY,2019,0.9
Israel,ISR,Poverty headcount ratio at $3.00 a day (2021 PPP) (% of population),SI.POV.DDAY,2020,0.7
Israel,ISR,Poverty headcount ratio at $3.00 a day (2021 PPP) (% of population),SI.POV.DDAY,2021,0.6
Israel,ISR,Poverty headcount ratio at $3.00 a day (2021 PPP) (% of population),SI.POV.DDAY,2022,0.4
Italy,ITA,Poverty headcount ratio at $3.00 a day (2021 PPP) (% of population),SI.POV.DDAY,1977,0.3
Italy,ITA,Poverty headcount ratio at $3.00 a day (2021 PPP) (% of population),SI.POV.DDAY,1978,0.5
Italy,ITA,Poverty headcount ratio at $3.00 a day (2021 PPP) (% of population),SI.POV.DDAY,1979,0.5
Italy,ITA,Poverty headcount ratio at $3.00 a day (2021 PPP) (% of population),SI.POV.DDAY,1980,0.2
Italy,ITA,Poverty headcount ratio at $3.00 a day (2021 PPP) (% of population),SI.POV.DDAY,1981,0.1
Italy,ITA,Poverty headcount ratio at $3.00 a day (2021 PPP) (% of population),SI.POV.DDAY,1982,0.1
Italy,ITA,Poverty headcount ratio at $3.00 a day (2021 PPP) (% of population),SI.POV.DDAY,1983,0.2
Italy,ITA,Poverty headcount ratio at $3.00 a day (2021 PPP) (% of population),SI.POV.DDAY,1984,0.2
Italy,ITA,Poverty headcount ratio at $3.00 a day (2021 PPP) (% of population),SI.POV.DDAY,1986,0.4
Italy,ITA,Poverty headcount ratio at $3.00 a day (2021 PPP) (% of population),SI.POV.DDAY,1987,1.1
Italy,ITA,Poverty headcount ratio at $3.00 a day (2021 PPP) (% of population),SI.POV.DDAY,1989,0.1
Italy,ITA,Poverty headcount ratio at $3.00 a day (2021 PPP) (% of population),SI.POV.DDAY,1991,0.3
Italy,ITA,Poverty headcount ratio at $3.00 a day (2021 PPP) (% of population),SI.POV.DDAY,1993,1.5
Italy,ITA,Poverty headcount ratio at $3.00 a day (2021 PPP) (% of population),SI.POV.DDAY,1995,0.7
Italy,ITA,Poverty headcount ratio at $3.00 a day (2021 PPP) (% of population),SI.POV.DDAY,1998,1.7
Italy,ITA,Poverty headcount ratio at $3.00 a day (2021 PPP) (% of population),SI.POV.DDAY,2000,1.3
Italy,ITA,Poverty headcount ratio at $3.00 a day (2021 PPP) (% of population),SI.POV.DDAY,2002,1.7
Italy,ITA,Poverty headcount ratio at $3.00 a day (2021 PPP) (% of population),SI.POV.DDAY,2003,0.9
Italy,ITA,Poverty headcount ratio at $3.00 a day (2021 PPP) (% of population),SI.POV.DDAY,2004,0.8
Italy,ITA,Poverty headcount ratio at $3.00 a day (2021 PPP) (% of population),SI.POV.DDAY,2005,0.8
Italy,ITA,Poverty headcount ratio at $3.00 a day (2021 PPP) (% of population),SI.POV.DDAY,2006,0.8
Italy,ITA,Poverty headcount ratio at $3.00 a day (2021 PPP) (% of population),SI.POV.DDAY,2007,0.8
Italy,ITA,Poverty headcount ratio at $3.00 a day (2021 PPP) (% of population),SI.POV.DDAY,2008,0.9
Italy,ITA,Poverty headcount ratio at $3.00 a day (2021 PPP) (% of population),SI.POV.DDAY,2009,1.1
Italy,ITA,Poverty headcount ratio at $3.00 a day (2021 PPP) (% of population),SI.POV.DDAY,2010,1.4
Italy,ITA,Poverty headcount ratio at $3.00 a day (2021 PPP) (% of population),SI.POV.DDAY,2011,1.3
Italy,ITA,Poverty headcount ratio at $3.00 a day (2021 PPP) (% of population),SI.POV.DDAY,2012,1.4
Italy,ITA,Poverty headcount ratio at $3.00 a day (2021 PPP) (% of population),SI.POV.DDAY,2013,1.6
Italy,ITA,Poverty headcount ratio at $3.00 a day (2021 PPP) (% of population),SI.POV.DDAY,2014,1.4
Italy,ITA,Poverty headcount ratio at $3.00 a day (2021 PPP) (% of population),SI.POV.DDAY,2015,2.1
Italy,ITA,Poverty headcount ratio at $3.00 a day (2021 PPP) (% of population),SI.POV.DDAY,2016,1.8
Italy,ITA,Poverty headcount ratio at $3.00 a day (2021 PPP) (% of population),SI.POV.DDAY,2017,1.5
Italy,ITA,Poverty headcount ratio at $3.00 a day (2021 PPP) (% of population),SI.POV.DDAY,2018,1.7
Italy,ITA,Poverty headcount ratio at $3.00 a day (2021 PPP) (% of population),SI.POV.DDAY,2019,1
Italy,ITA,Poverty headcount ratio at $3.00 a day (2021 PPP) (% of population),SI.POV.DDAY,2020,0.9
Italy,ITA,Poverty headcount ratio at $3.00 a day (2021 PPP) (% of population),SI.POV.DDAY,2021,0.9
Italy,ITA,Poverty headcount ratio at $3.00 a day (2021 PPP) (% of population),SI.POV.DDAY,2022,0.7
Italy,ITA,Poverty headcount ratio at $3.00 a day (2021 PPP) (% of population),SI.POV.DDAY,2023,0.9
Jamaica,JAM,Poverty headcount ratio at $3.00 a day (2021 PPP) (% of population),SI.POV.DDAY,1988,13.8
Jamaica,JAM,Poverty headcount ratio at $3.00 a day (2021 PPP) (% of population),SI.POV.DDAY,1990,11.6
Jamaica,JAM,Poverty headcount ratio at $3.00 a day (2021 PPP) (% of population),SI.POV.DDAY,1993,20.5
Jamaica,JAM,Poverty headcount ratio at $3.00 a day (2021 PPP) (% of population),SI.POV.DDAY,1996,8.3
Jamaica,JAM,Poverty headcount ratio at $3.00 a day (2021 PPP) (% of population),SI.POV.DDAY,1999,5.7
Jamaica,JAM,Poverty headcount ratio at $3.00 a day (2021 PPP) (% of population),SI.POV.DDAY,2002,6.4
Jamaica,JAM,Poverty headcount ratio at $3.00 a day (2021 PPP) (% of population),SI.POV.DDAY,2004,4.5
Jamaica,JAM,Poverty headcount ratio at $3.00 a day (2021 PPP) (% of population),SI.POV.DDAY,2018,0.4
Jamaica,JAM,Poverty headcount ratio at $3.00 a day (2021 PPP) (% of population),SI.POV.DDAY,2021,1.4
Japan,JPN,Poverty headcount ratio at $3.00 a day (2021 PPP) (% of population),SI.POV.DDAY,2008,1.1
Japan,JPN,Poverty headcount ratio at $3.00 a day (2021 PPP) (% of population),SI.POV.DDAY,2009,0.8
Japan,JPN,Poverty headcount ratio at $3.00 a day (2021 PPP) (% of population),SI.POV.DDAY,2010,0.6
Japan,JPN,Poverty headcount ratio at $3.00 a day (2021 PPP) (% of population),SI.POV.DDAY,2011,0.5
Japan,JPN,Poverty headcount ratio at $3.00 a day (2021 PPP) (% of population),SI.POV.DDAY,2012,1.4
Japan,JPN,Poverty headcount ratio at $3.00 a day (2021 PPP) (% of population),SI.POV.DDAY,2013,0.9
Japan,JPN,Poverty headcount ratio at $3.00 a day (2021 PPP) (% of population),SI.POV.DDAY,2014,0.7
Japan,JPN,Poverty headcount ratio at $3.00 a day (2021 PPP) (% of population),SI.POV.DDAY,2015,0.4
Japan,JPN,Poverty headcount ratio at $3.00 a day (2021 PPP) (% of population),SI.POV.DDAY,2016,0.7
Japan,JPN,Poverty headcount ratio at $3.00 a day (2021 PPP) (% of population),SI.POV.DDAY,2017,0.6
Japan,JPN,Poverty headcount ratio at $3.00 a day (2021 PPP) (% of population),SI.POV.DDAY,2018,1
Japan,JPN,Poverty headcount ratio at $3.00 a day (2021 PPP) (% of population),SI.POV.DDAY,2019,1.3
Japan,JPN,Poverty headcount ratio at $3.00 a day (2021 PPP) (% of population),SI.POV.DDAY,2020,1.2
Jordan,JOR,Poverty headcount ratio at $3.00 a day (2021 PPP) (% of population),SI.POV.DDAY,1992,1.1
Jordan,JOR,Poverty headcount ratio at $3.00 a day (2021 PPP) (% of population),SI.POV.DDAY,2002,1
Jordan,JOR,Poverty headcount ratio at $3.00 a day (2021 PPP) (% of population),SI.POV.DDAY,2006,0.3
Jordan,JOR,Poverty headcount ratio at $3.00 a day (2021 PPP) (% of population),SI.POV.DDAY,2008,0.1
Jordan,JOR,Poverty headcount ratio at $3.00 a day (2021 PPP) (% of population),SI.POV.DDAY,2010,0.1
Kazakhstan,KAZ,Poverty headcount ratio at $3.00 a day (2021 PPP) (% of population),SI.POV.DDAY,1993,14.6
Kazakhstan,KAZ,Poverty headcount ratio at $3.00 a day (2021 PPP) (% of population),SI.POV.DDAY,1996,14.6
Kazakhstan,KAZ,Poverty headcount ratio at $3.00 a day (2021 PPP) (% of population),SI.POV.DDAY,2001,20.7
Kazakhstan,KAZ,Poverty headcount ratio at $3.00 a day (2021 PPP) (% of population),SI.POV.DDAY,2002,16.2
Kazakhstan,KAZ,Poverty headcount ratio at $3.00 a day (2021 PPP) (% of population),SI.POV.DDAY,2003,12.3
Kazakhstan,KAZ,Poverty headcount ratio at $3.00 a day (2021 PPP) (% of population),SI.POV.DDAY,2004,7.6
Kazakhstan,KAZ,Poverty headcount ratio at $3.00 a day (2021 PPP) (% of population),SI.POV.DDAY,2005,14.6
Kazakhstan,KAZ,Poverty headcount ratio at $3.00 a day (2021 PPP) (% of population),SI.POV.DDAY,2006,2.4
Kazakhstan,KAZ,Poverty headcount ratio at $3.00 a day (2021 PPP) (% of population),SI.POV.DDAY,2007,1.1
Kazakhstan,KAZ,Poverty headcount ratio at $3.00 a day (2021 PPP) (% of population),SI.POV.DDAY,2008,0.8
Kazakhstan,KAZ,Poverty headcount ratio at $3.00 a day (2021 PPP) (% of population),SI.POV.DDAY,2009,0.8
Kazakhstan,KAZ,Poverty headcount ratio at $3.00 a day (2021 PPP) (% of population),SI.POV.DDAY,2010,0.5
Kazakhstan,KAZ,Poverty headcount ratio at $3.00 a day (2021 PPP) (% of population),SI.POV.DDAY,2011,0.2
Kazakhstan,KAZ,Poverty headcount ratio at $3.00 a day (2021 PPP) (% of population),SI.POV.DDAY,2012,0.1
Kazakhstan,KAZ,Poverty headcount ratio at $3.00 a day (2021 PPP) (% of population),SI.POV.DDAY,2013,0.1
Kazakhstan,KAZ,Poverty headcount ratio at $3.00 a day (2021 PPP) (% of population),SI.POV.DDAY,2014,0.1
Kazakhstan,KAZ,Poverty headcount ratio at $3.00 a day (2021 PPP) (% of population),SI.POV.DDAY,2015,0.1
Kazakhstan,KAZ,Poverty headcount ratio at $3.00 a day (2021 PPP) (% of population),SI.POV.DDAY,2016,0.2
Kazakhstan,KAZ,Poverty headcount ratio at $3.00 a day (2021 PPP) (% of population),SI.POV.DDAY,2017,0.1
Kazakhstan,KAZ,Poverty headcount ratio at $3.00 a day (2021 PPP) (% of population),SI.POV.DDAY,2018,0.1
Kazakhstan,KAZ,Poverty headcount ratio at $3.00 a day (2021 PPP) (% of population),SI.POV.DDAY,2019,0.1
Kenya,KEN,Poverty headcount ratio at $3.00 a day (2021 PPP) (% of population),SI.POV.DDAY,1992,32
Kenya,KEN,Poverty headcount ratio at $3.00 a day (2021 PPP) (% of population),SI.POV.DDAY,1994,32
Kenya,KEN,Poverty headcount ratio at $3.00 a day (2021 PPP) (% of population),SI.POV.DDAY,1997,32.6
Kenya,KEN,Poverty headcount ratio at $3.00 a day (2021 PPP) (% of population),SI.POV.DDAY,2005,44.6
Kenya,KEN,Poverty headcount ratio at $3.00 a day (2021 PPP) (% of population),SI.POV.DDAY,2015,37.7
Kenya,KEN,Poverty headcount ratio at $3.00 a day (2021 PPP) (% of population),SI.POV.DDAY,2020,44.4
Kenya,KEN,Poverty headcount ratio at $3.00 a day (2021 PPP) (% of population),SI.POV.DDAY,2021,46.4
Kenya,KEN,Poverty headcount ratio at $3.00 a day (2021 PPP) (% of population),SI.POV.DDAY,2022,45.5
Kiribati,KIR,Poverty headcount ratio at $3.00 a day (2021 PPP) (% of population),SI.POV.DDAY,2006,21.3
Kiribati,KIR,Poverty headcount ratio at $3.00 a day (2021 PPP) (% of population),SI.POV.DDAY,2019,6.1
Kiribati,KIR,Poverty headcount ratio at $3.00 a day (2021 PPP) (% of population),SI.POV.DDAY,2023,0.9
"Korea, Rep.",KOR,Poverty headcount ratio at $3.00 a day (2021 PPP) (% of population),SI.POV.DDAY,2006,0.5
"Korea, Rep.",KOR,Poverty headcount ratio at $3.00 a day (2021 PPP) (% of population),SI.POV.DDAY,2008,0.5
"Korea, Rep.",KOR,Poverty headcount ratio at $3.00 a day (2021 PPP) (% of population),SI.POV.DDAY,2010,0.5
"Korea, Rep.",KOR,Poverty headcount ratio at $3.00 a day (2021 PPP) (% of population),SI.POV.DDAY,2012,0.5
"Korea, Rep.",KOR,Poverty headcount ratio at $3.00 a day (2021 PPP) (% of population),SI.POV.DDAY,2014,0.3
"Korea, Rep.",KOR,Poverty headcount ratio at $3.00 a day (2021 PPP) (% of population),SI.POV.DDAY,2016,0.2
"Korea, Rep.",KOR,Poverty headcount ratio at $3.00 a day (2021 PPP) (% of population),SI.POV.DDAY,2017,0.2
"Korea, Rep.",KOR,Poverty headcount ratio at $3.00 a day (2021 PPP) (% of population),SI.POV.DDAY,2018,0.2
"Korea, Rep.",KOR,Poverty headcount ratio at $3.00 a day (2021 PPP) (% of population),SI.POV.DDAY,2019,0.2
"Korea, Rep.",KOR,Poverty headcount ratio at $3.00 a day (2021 PPP) (% of population),SI.POV.DDAY,2020,0.1
"Korea, Rep.",KOR,Poverty headcount ratio at $3.00 a day (2021 PPP) (% of population),SI.POV.DDAY,2021,0.1
Kosovo,XKX,Poverty headcount ratio at $3.00 a day (2021 PPP) (% of population),SI.POV.DDAY,2003,11.7
Kosovo,XKX,Poverty headcount ratio at $3.00 a day (2021 PPP) (% of population),SI.POV.DDAY,2005,14.3
Kosovo,XKX,Poverty headcount ratio at $3.00 a day (2021 PPP) (% of population),SI.POV.DDAY,2006,13.5
Kosovo,XKX,Poverty headcount ratio at $3.00 a day (2021 PPP) (% of population),SI.POV.DDAY,2009,10.5
Kosovo,XKX,Poverty headcount ratio at $3.00 a day (2021 PPP) (% of population),SI.POV.DDAY,2010,10.6
Kosovo,XKX,Poverty headcount ratio at $3.00 a day (2021 PPP) (% of population),SI.POV.DDAY,2011,6.6
Kosovo,XKX,Poverty headcount ratio at $3.00 a day (2021 PPP) (% of population),SI.POV.DDAY,2012,3.9
Kosovo,XKX,Poverty headcount ratio at $3.00 a day (2021 PPP) (% of population),SI.POV.DDAY,2013,2.2
Kosovo,XKX,Poverty headcount ratio at $3.00 a day (2021 PPP) (% of population),SI.POV.DDAY,2014,3.3
Kosovo,XKX,Poverty headcount ratio at $3.00 a day (2021 PPP) (% of population),SI.POV.DDAY,2015,2.4
Kosovo,XKX,Poverty headcount ratio at $3.00 a day (2021 PPP) (% of population),SI.POV.DDAY,2016,2
Kosovo,XKX,Poverty headcount ratio at $3.00 a day (2021 PPP) (% of population),SI.POV.DDAY,2017,15.2
Kosovo,XKX,Poverty headcount ratio at $3.00 a day (2021 PPP) (% of population),SI.POV.DDAY,2018,20.7
Kosovo,XKX,Poverty headcount ratio at $3.00 a day (2021 PPP) (% of population),SI.POV.DDAY,2019,11.3
Kosovo,XKX,Poverty headcount ratio at $3.00 a day (2021 PPP) (% of population),SI.POV.DDAY,2020,16.8
Kosovo,XKX,Poverty headcount ratio at $3.00 a day (2021 PPP) (% of population),SI.POV.DDAY,2021,25
Kosovo,XKX,Poverty headcount ratio at $3.00 a day (2021 PPP) (% of population),SI.POV.DDAY,2022,10
Kyrgyz Republic,KGZ,Poverty headcount ratio at $3.00 a day (2021 PPP) (% of population),SI.POV.DDAY,1998,43.7
Kyrgyz Republic,KGZ,Poverty headcount ratio at $3.00 a day (2021 PPP) (% of population),SI.POV.DDAY,2000,66.2
Kyrgyz Republic,KGZ,Poverty headcount ratio at $3.00 a day (2021 PPP) (% of population),SI.POV.DDAY,2001,61.5
Kyrgyz Republic,KGZ,Poverty headcount ratio at $3.00 a day (2021 PPP) (% of population),SI.POV.DDAY,2002,58.1
Kyrgyz Republic,KGZ,Poverty headcount ratio at $3.00 a day (2021 PPP) (% of population),SI.POV.DDAY,2003,56.6
Kyrgyz Republic,KGZ,Poverty headcount ratio at $3.00 a day (2021 PPP) (% of population),SI.POV.DDAY,2004,32.5
Kyrgyz Republic,KGZ,Poverty headcount ratio at $3.00 a day (2021 PPP) (% of population),SI.POV.DDAY,2005,36.6
Kyrgyz Republic,KGZ,Poverty headcount ratio at $3.00 a day (2021 PPP) (% of population),SI.POV.DDAY,2006,26
Kyrgyz Republic,KGZ,Poverty headcount ratio at $3.00 a day (2021 PPP) (% of population),SI.POV.DDAY,2007,23.3
Kyrgyz Republic,KGZ,Poverty headcount ratio at $3.00 a day (2021 PPP) (% of population),SI.POV.DDAY,2008,13.8
Kyrgyz Republic,KGZ,Poverty headcount ratio at $3.00 a day (2021 PPP) (% of population),SI.POV.DDAY,2009,9.8
Kyrgyz Republic,KGZ,Poverty headcount ratio at $3.00 a day (2021 PPP) (% of population),SI.POV.DDAY,2010,12.6
Kyrgyz Republic,KGZ,Poverty headcount ratio at $3.00 a day (2021 PPP) (% of population),SI.POV.DDAY,2011,9.3
Kyrgyz Republic,KGZ,Poverty headcount ratio at $3.00 a day (2021 PPP) (% of population),SI.POV.DDAY,2012,10.5
Kyrgyz Republic,KGZ,Poverty headcount ratio at $3.00 a day (2021 PPP) (% of population),SI.POV.DDAY,2013,13.5
Kyrgyz Republic,KGZ,Poverty headcount ratio at $3.00 a day (2021 PPP) (% of population),SI.POV.DDAY,2014,8.1
Kyrgyz Republic,KGZ,Poverty headcount ratio at $3.00 a day (2021 PPP) (% of population),SI.POV.DDAY,2015,11
Kyrgyz Republic,KGZ,Poverty headcount ratio at $3.00 a day (2021 PPP) (% of population),SI.POV.DDAY,2016,8
Kyrgyz Republic,KGZ,Poverty headcount ratio at $3.00 a day (2021 PPP) (% of population),SI.POV.DDAY,2017,8.2
Kyrgyz Republic,KGZ,Poverty headcount ratio at $3.00 a day (2021 PPP) (% of population),SI.POV.DDAY,2018,5.9
Kyrgyz Republic,KGZ,Poverty headcount ratio at $3.00 a day (2021 PPP) (% of population),SI.POV.DDAY,2019,4.9
Kyrgyz Republic,KGZ,Poverty headcount ratio at $3.00 a day (2021 PPP) (% of population),SI.POV.DDAY,2020,9.4
Kyrgyz Republic,KGZ,Poverty headcount ratio at $3.00 a day (2021 PPP) (% of population),SI.POV.DDAY,2021,5.6
Kyrgyz Republic,KGZ,Poverty headcount ratio at $3.00 a day (2021 PPP) (% of population),SI.POV.DDAY,2022,4.5
Kyrgyz Republic,KGZ,Poverty headcount ratio at $3.00 a day (2021 PPP) (% of population),SI.POV.DDAY,2023,2.7
Kyrgyz Republic,KGZ,Poverty headcount ratio at $3.00 a day (2021 PPP) (% of population),SI.POV.DDAY,2024,2.2
Lao PDR,LAO,Poverty headcount ratio at $3.00 a day (2021 PPP) (% of population),SI.POV.DDAY,1992,42.1
Lao PDR,LAO,Poverty headcount ratio at $3.00 a day (2021 PPP) (% of population),SI.POV.DDAY,1997,62
Lao PDR,LAO,Poverty headcount ratio at $3.00 a day (2021 PPP) (% of population),SI.POV.DDAY,2002,43.1
Lao PDR,LAO,Poverty headcount ratio at $3.00 a day (2021 PPP) (% of population),SI.POV.DDAY,2007,36
Lao PDR,LAO,Poverty headcount ratio at $3.00 a day (2021 PPP) (% of population),SI.POV.DDAY,2012,21.7
Lao PDR,LAO,Poverty headcount ratio at $3.00 a day (2021 PPP) (% of population),SI.POV.DDAY,2018,15.7
Lao PDR,LAO,Poverty headcount ratio at $3.00 a day (2021 PPP) (% of population),SI.POV.DDAY,2024,7.1
Latin America & Caribbean,LCN,Poverty headcount ratio at $3.00 a day (2021 PPP) (% of population),SI.POV.DDAY,1981,20
Latin America & Caribbean,LCN,Poverty headcount ratio at $3.00 a day (2021 PPP) (% of population),SI.POV.DDAY,1982,20.7
Latin America & Caribbean,LCN,Poverty headcount ratio at $3.00 a day (2021 PPP) (% of population),SI.POV.DDAY,1983,23.8
Latin America & Caribbean,LCN,Poverty headcount ratio at $3.00 a day (2021 PPP) (% of population),SI.POV.DDAY,1984,23.4
Latin America & Caribbean,LCN,Poverty headcount ratio at $3.00 a day (2021 PPP) (% of population),SI.POV.DDAY,1985,21.8
Latin America & Caribbean,LCN,Poverty headcount ratio at $3.00 a day (2021 PPP) (% of population),SI.POV.DDAY,1986,16.7
Latin America & Caribbean,LCN,Poverty headcount ratio at $3.00 a day (2021 PPP) (% of population),SI.POV.DDAY,1987,19.5
Latin America & Caribbean,LCN,Poverty headcount ratio at $3.00 a day (2021 PPP) (% of population),SI.POV.DDAY,1988,20
Latin America & Caribbean,LCN,Poverty headcount ratio at $3.00 a day (2021 PPP) (% of population),SI.POV.DDAY,1989,19.2
Latin America & Caribbean,LCN,Poverty headcount ratio at $3.00 a day (2021 PPP) (% of population),SI.POV.DDAY,1990,20.7
Latin America & Caribbean,LCN,Poverty headcount ratio at $3.00 a day (2021 PPP) (% of population),SI.POV.DDAY,1991,20.1
Latin America & Caribbean,LCN,Poverty headcount ratio at $3.00 a day (2021 PPP) (% of population),SI.POV.DDAY,1992,20.2
Latin America & Caribbean,LCN,Poverty headcount ratio at $3.00 a day (2021 PPP) (% of population),SI.POV.DDAY,1993,20.1
Latin America & Caribbean,LCN,Poverty headcount ratio at $3.00 a day (2021 PPP) (% of population),SI.POV.DDAY,1994,19.5
Latin America & Caribbean,LCN,Poverty headcount ratio at $3.00 a day (2021 PPP) (% of population),SI.POV.DDAY,1995,18.5
Latin America & Caribbean,LCN,Poverty headcount ratio at $3.00 a day (2021 PPP) (% of population),SI.POV.DDAY,1996,19.9
Latin America & Caribbean,LCN,Poverty headcount ratio at $3.00 a day (2021 PPP) (% of population),SI.POV.DDAY,1997,19.4
Latin America & Caribbean,LCN,Poverty headcount ratio at $3.00 a day (2021 PPP) (% of population),SI.POV.DDAY,1998,19.2
Latin America & Caribbean,LCN,Poverty headcount ratio at $3.00 a day (2021 PPP) (% of population),SI.POV.DDAY,1999,19.5
Latin America & Caribbean,LCN,Poverty headcount ratio at $3.00 a day (2021 PPP) (% of population),SI.POV.DDAY,2000,18.1
Latin America & Caribbean,LCN,Poverty headcount ratio at $3.00 a day (2021 PPP) (% of population),SI.POV.DDAY,2001,17.9
Latin America & Caribbean,LCN,Poverty headcount ratio at $3.00 a day (2021 PPP) (% of population),SI.POV.DDAY,2002,17.1
Latin America & Caribbean,LCN,Poverty headcount ratio at $3.00 a day (2021 PPP) (% of population),SI.POV.DDAY,2003,16.6
Latin America & Caribbean,LCN,Poverty headcount ratio at $3.00 a day (2021 PPP) (% of population),SI.POV.DDAY,2004,15.3
Latin America & Caribbean,LCN,Poverty headcount ratio at $3.00 a day (2021 PPP) (% of population),SI.POV.DDAY,2005,14.2
Latin America & Caribbean,LCN,Poverty headcount ratio at $3.00 a day (2021 PPP) (% of population),SI.POV.DDAY,2006,12
Latin America & Caribbean,LCN,Poverty headcount ratio at $3.00 a day (2021 PPP) (% of population),SI.POV.DDAY,2007,10.8
Latin America & Caribbean,LCN,Poverty headcount ratio at $3.00 a day (2021 PPP) (% of population),SI.POV.DDAY,2008,9.9
Latin America & Caribbean,LCN,Poverty headcount ratio at $3.00 a day (2021 PPP) (% of population),SI.POV.DDAY,2009,9.5
Latin America & Caribbean,LCN,Poverty headcount ratio at $3.00 a day (2021 PPP) (% of population),SI.POV.DDAY,2010,8.5
Latin America & Caribbean,LCN,Poverty headcount ratio at $3.00 a day (2021 PPP) (% of population),SI.POV.DDAY,2011,7.7
Latin America & Caribbean,LCN,Poverty headcount ratio at $3.00 a day (2021 PPP) (% of population),SI.POV.DDAY,2012,7.5
Latin America & Caribbean,LCN,Poverty headcount ratio at $3.00 a day (2021 PPP) (% of population),SI.POV.DDAY,2013,6.8
Latin America & Caribbean,LCN,Poverty headcount ratio at $3.00 a day (2021 PPP) (% of population),SI.POV.DDAY,2014,6.5
Latin America & Caribbean,LCN,Poverty headcount ratio at $3.00 a day (2021 PPP) (% of population),SI.POV.DDAY,2015,6
Latin America & Caribbean,LCN,Poverty headcount ratio at $3.00 a day (2021 PPP) (% of population),SI.POV.DDAY,2016,6.2
Latin America & Caribbean,LCN,Poverty headcount ratio at $3.00 a day (2021 PPP) (% of population),SI.POV.DDAY,2017,6.2
Latin America & Caribbean,LCN,Poverty headcount ratio at $3.00 a day (2021 PPP) (% of population),SI.POV.DDAY,2018,6.1
Latin America & Caribbean,LCN,Poverty headcount ratio at $3.00 a day (2021 PPP) (% of population),SI.POV.DDAY,2019,6.2
Latin America & Caribbean,LCN,Poverty headcount ratio at $3.00 a day (2021 PPP) (% of population),SI.POV.DDAY,2020,5.8
Latin America & Caribbean,LCN,Poverty headcount ratio at $3.00 a day (2021 PPP) (% of population),SI.POV.DDAY,2021,6.2
Latin America & Caribbean,LCN,Poverty headcount ratio at $3.00 a day (2021 PPP) (% of population),SI.POV.DDAY,2022,5
Latin America & Caribbean,LCN,Poverty headcount ratio at $3.00 a day (2021 PPP) (% of population),SI.POV.DDAY,2023,4.6
Latin America & Caribbean,LCN,Poverty headcount ratio at $3.00 a day (2021 PPP) (% of population),SI.POV.DDAY,2024,4.3
Latvia,LVA,Poverty headcount ratio at $3.00 a day (2021 PPP) (% of population),SI.POV.DDAY,1995,2.2
Latvia,LVA,Poverty headcount ratio at $3.00 a day (2021 PPP) (% of population),SI.POV.DDAY,1996,3.8
Latvia,LVA,Poverty headcount ratio at $3.00 a day (2021 PPP) (% of population),SI.POV.DDAY,1997,3.5
Latvia,LVA,Poverty headcount ratio at $3.00 a day (2021 PPP) (% of population),SI.POV.DDAY,1998,3.3
Latvia,LVA,Poverty headcount ratio at $3.00 a day (2021 PPP) (% of population),SI.POV.DDAY,2002,1.5
Latvia,LVA,Poverty headcount ratio at $3.00 a day (2021 PPP) (% of population),SI.POV.DDAY,2003,1.5
Latvia,LVA,Poverty headcount ratio at $3.00 a day (2021 PPP) (% of population),SI.POV.DDAY,2004,3.7
Latvia,LVA,Poverty headcount ratio at $3.00 a day (2021 PPP) (% of population),SI.POV.DDAY,2005,3.1
Latvia,LVA,Poverty headcount ratio at $3.00 a day (2021 PPP) (% of population),SI.POV.DDAY,2006,1.9
Latvia,LVA,Poverty headcount ratio at $3.00 a day (2021 PPP) (% of population),SI.POV.DDAY,2007,0.8
Latvia,LVA,Poverty headcount ratio at $3.00 a day (2021 PPP) (% of population),SI.POV.DDAY,2008,1.6
Latvia,LVA,Poverty headcount ratio at $3.00 a day (2021 PPP) (% of population),SI.POV.DDAY,2009,2.6
Latvia,LVA,Poverty headcount ratio at $3.00 a day (2021 PPP) (% of population),SI.POV.DDAY,2010,2.6
Latvia,LVA,Poverty headcount ratio at $3.00 a day (2021 PPP) (% of population),SI.POV.DDAY,2011,1.7
Latvia,LVA,Poverty headcount ratio at $3.00 a day (2021 PPP) (% of population),SI.POV.DDAY,2012,1.4
Latvia,LVA,Poverty headcount ratio at $3.00 a day (2021 PPP) (% of population),SI.POV.DDAY,2013,1.5
Latvia,LVA,Poverty headcount ratio at $3.00 a day (2021 PPP) (% of population),SI.POV.DDAY,2014,1.1
Latvia,LVA,Poverty headcount ratio at $3.00 a day (2021 PPP) (% of population),SI.POV.DDAY,2015,1
Latvia,LVA,Poverty headcount ratio at $3.00 a day (2021 PPP) (% of population),SI.POV.DDAY,2016,1
Latvia,LVA,Poverty headcount ratio at $3.00 a day (2021 PPP) (% of population),SI.POV.DDAY,2017,1
Latvia,LVA,Poverty headcount ratio at $3.00 a day (2021 PPP) (% of population),SI.POV.DDAY,2018,0.6
Latvia,LVA,Poverty headcount ratio at $3.00 a day (2021 PPP) (% of population),SI.POV.DDAY,2019,0.3
Latvia,LVA,Poverty headcount ratio at $3.00 a day (2021 PPP) (% of population),SI.POV.DDAY,2020,0.5
Latvia,LVA,Poverty headcount ratio at $3.00 a day (2021 PPP) (% of population),SI.POV.DDAY,2021,0.5
Latvia,LVA,Poverty headcount ratio at $3.00 a day (2021 PPP) (% of population),SI.POV.DDAY,2022,0.4
Latvia,LVA,Poverty headcount ratio at $3.00 a day (2021 PPP) (% of population),SI.POV.DDAY,2023,0.4
Lebanon,LBN,Poverty headcount ratio at $3.00 a day (2021 PPP) (% of population),SI.POV.DDAY,2011,0.1
Lebanon,LBN,Poverty headcount ratio at $3.00 a day (2021 PPP) (% of population),SI.POV.DDAY,2022,5.8
Lesotho,LSO,Poverty headcount ratio at $3.00 a day (2021 PPP) (% of population),SI.POV.DDAY,1986,63.2
Lesotho,LSO,Poverty headcount ratio at $3.00 a day (2021 PPP) (% of population),SI.POV.DDAY,1994,59.7
Lesotho,LSO,Poverty headcount ratio at $3.00 a day (2021 PPP) (% of population),SI.POV.DDAY,2002,74.9
Lesotho,LSO,Poverty headcount ratio at $3.00 a day (2021 PPP) (% of population),SI.POV.DDAY,2017,41.9
Liberia,LBR,Poverty headcount ratio at $3.00 a day (2021 PPP) (% of population),SI.POV.DDAY,2007,61.1
Liberia,LBR,Poverty headcount ratio at $3.00 a day (2021 PPP) (% of population),SI.POV.DDAY,2014,31.7
Liberia,LBR,Poverty headcount ratio at $3.00 a day (2021 PPP) (% of population),SI.POV.DDAY,2016,33.6
Lithuania,LTU,Poverty headcount ratio at $3.00 a day (2021 PPP) (% of population),SI.POV.DDAY,1993,14.3
Lithuania,LTU,Poverty headcount ratio at $3.00 a day (2021 PPP) (% of population),SI.POV.DDAY,1996,0.2
Lithuania,LTU,Poverty headcount ratio at $3.00 a day (2021 PPP) (% of population),SI.POV.DDAY,1998,1
Lithuania,LTU,Poverty headcount ratio at $3.00 a day (2021 PPP) (% of population),SI.POV.DDAY,1999,1.3
Lithuania,LTU,Poverty headcount ratio at $3.00 a day (2021 PPP) (% of population),SI.POV.DDAY,2000,1.2
Lithuania,LTU,Poverty headcount ratio at $3.00 a day (2021 PPP) (% of population),SI.POV.DDAY,2001,1.6
Lithuania,LTU,Poverty headcount ratio at $3.00 a day (2021 PPP) (% of population),SI.POV.DDAY,2002,1.4
Lithuania,LTU,Poverty headcount ratio at $3.00 a day (2021 PPP) (% of population),SI.POV.DDAY,2003,0.4
Lithuania,LTU,Poverty headcount ratio at $3.00 a day (2021 PPP) (% of population),SI.POV.DDAY,2004,4
Lithuania,LTU,Poverty headcount ratio at $3.00 a day (2021 PPP) (% of population),SI.POV.DDAY,2005,2.7
Lithuania,LTU,Poverty headcount ratio at $3.00 a day (2021 PPP) (% of population),SI.POV.DDAY,2006,1.8
Lithuania,LTU,Poverty headcount ratio at $3.00 a day (2021 PPP) (% of population),SI.POV.DDAY,2007,1.6
Lithuania,LTU,Poverty headcount ratio at $3.00 a day (2021 PPP) (% of population),SI.POV.DDAY,2008,1.8
Lithuania,LTU,Poverty headcount ratio at $3.00 a day (2021 PPP) (% of population),SI.POV.DDAY,2009,2.7
Lithuania,LTU,Poverty headcount ratio at $3.00 a day (2021 PPP) (% of population),SI.POV.DDAY,2010,2
Lithuania,LTU,Poverty headcount ratio at $3.00 a day (2021 PPP) (% of population),SI.POV.DDAY,2011,0.9
Lithuania,LTU,Poverty headcount ratio at $3.00 a day (2021 PPP) (% of population),SI.POV.DDAY,2012,1.1
Lithuania,LTU,Poverty headcount ratio at $3.00 a day (2021 PPP) (% of population),SI.POV.DDAY,2013,1.2
Lithuania,LTU,Poverty headcount ratio at $3.00 a day (2021 PPP) (% of population),SI.POV.DDAY,2014,1.7
Lithuania,LTU,Poverty headcount ratio at $3.00 a day (2021 PPP) (% of population),SI.POV.DDAY,2015,1
Lithuania,LTU,Poverty headcount ratio at $3.00 a day (2021 PPP) (% of population),SI.POV.DDAY,2016,1.5
Lithuania,LTU,Poverty headcount ratio at $3.00 a day (2021 PPP) (% of population),SI.POV.DDAY,2017,1.2
Lithuania,LTU,Poverty headcount ratio at $3.00 a day (2021 PPP) (% of population),SI.POV.DDAY,2018,1
Lithuania,LTU,Poverty headcount ratio at $3.00 a day (2021 PPP) (% of population),SI.POV.DDAY,2019,0.6
Lithuania,LTU,Poverty headcount ratio at $3.00 a day (2021 PPP) (% of population),SI.POV.DDAY,2020,0.5
Lithuania,LTU,Poverty headcount ratio at $3.00 a day (2021 PPP) (% of population),SI.POV.DDAY,2021,0.3
Lithuania,LTU,Poverty headcount ratio at $3.00 a day (2021 PPP) (% of population),SI.POV.DDAY,2022,0.8
Lithuania,LTU,Poverty headcount ratio at $3.00 a day (2021 PPP) (% of population),SI.POV.DDAY,2023,1.1
Low & middle income,LMY,Poverty headcount ratio at $3.00 a day (2021 PPP) (% of population),SI.POV.DDAY,1981,62
Low & middle income,LMY,Poverty headcount ratio at $3.00 a day (2021 PPP) (% of population),SI.POV.DDAY,1982,61.3
Low & middle income,LMY,Poverty headcount ratio at $3.00 a day (2021 PPP) (% of population),SI.POV.DDAY,1983,60.3
Low & middle income,LMY,Poverty headcount ratio at $3.00 a day (2021 PPP) (% of population),SI.POV.DDAY,1984,59.3
Low & middle income,LMY,Poverty headcount ratio at $3.00 a day (2021 PPP) (% of population),SI.POV.DDAY,1985,58.1
Low & middle income,LMY,Poverty headcount ratio at $3.00 a day (2021 PPP) (% of population),SI.POV.DDAY,1986,56.7
Low & middle income,LMY,Poverty headcount ratio at $3.00 a day (2021 PPP) (% of population),SI.POV.DDAY,1987,55.9
Low & middle income,LMY,Poverty headcount ratio at $3.00 a day (2021 PPP) (% of population),SI.POV.DDAY,1988,54.2
Low & middle income,LMY,Poverty headcount ratio at $3.00 a day (2021 PPP) (% of population),SI.POV.DDAY,1989,56
Low & middle income,LMY,Poverty headcount ratio at $3.00 a day (2021 PPP) (% of population),SI.POV.DDAY,1990,55.5
Low & middle income,LMY,Poverty headcount ratio at $3.00 a day (2021 PPP) (% of population),SI.POV.DDAY,1991,55
Low & middle income,LMY,Poverty headcount ratio at $3.00 a day (2021 PPP) (% of population),SI.POV.DDAY,1992,54
Low & middle income,LMY,Poverty headcount ratio at $3.00 a day (2021 PPP) (% of population),SI.POV.DDAY,1993,53.2
Low & middle income,LMY,Poverty headcount ratio at $3.00 a day (2021 PPP) (% of population),SI.POV.DDAY,1994,51.3
Low & middle income,LMY,Poverty headcount ratio at $3.00 a day (2021 PPP) (% of population),SI.POV.DDAY,1995,49.6
Low & middle income,LMY,Poverty headcount ratio at $3.00 a day (2021 PPP) (% of population),SI.POV.DDAY,1996,47.7
Low & middle income,LMY,Poverty headcount ratio at $3.00 a day (2021 PPP) (% of population),SI.POV.DDAY,1997,47.4
Low & middle income,LMY,Poverty headcount ratio at $3.00 a day (2021 PPP) (% of population),SI.POV.DDAY,1998,47.5
Low & middle income,LMY,Poverty headcount ratio at $3.00 a day (2021 PPP) (% of population),SI.POV.DDAY,1999,46.5
Low & middle income,LMY,Poverty headcount ratio at $3.00 a day (2021 PPP) (% of population),SI.POV.DDAY,2000,45.1
Low & middle income,LMY,Poverty headcount ratio at $3.00 a day (2021 PPP) (% of population),SI.POV.DDAY,2001,43.9
Low & middle income,LMY,Poverty headcount ratio at $3.00 a day (2021 PPP) (% of population),SI.POV.DDAY,2002,41.9
Low & middle income,LMY,Poverty headcount ratio at $3.00 a day (2021 PPP) (% of population),SI.POV.DDAY,2003,39.9
Low & middle income,LMY,Poverty headcount ratio at $3.00 a day (2021 PPP) (% of population),SI.POV.DDAY,2004,37.5
Low & middle income,LMY,Poverty headcount ratio at $3.00 a day (2021 PPP) (% of population),SI.POV.DDAY,2005,35
Low & middle income,LMY,Poverty headcount ratio at $3.00 a day (2021 PPP) (% of population),SI.POV.DDAY,2006,33.3
Low & middle income,LMY,Poverty headcount ratio at $3.00 a day (2021 PPP) (% of population),SI.POV.DDAY,2007,31.2
Low & middle income,LMY,Poverty headcount ratio at $3.00 a day (2021 PPP) (% of population),SI.POV.DDAY,2008,29.7
Low & middle income,LMY,Poverty headcount ratio at $3.00 a day (2021 PPP) (% of population),SI.POV.DDAY,2009,28.4
Low & middle income,LMY,Poverty headcount ratio at $3.00 a day (2021 PPP) (% of population),SI.POV.DDAY,2010,25.8
Low & middle income,LMY,Poverty headcount ratio at $3.00 a day (2021 PPP) (% of population),SI.POV.DDAY,2011,23.4
Low & middle income,LMY,Poverty headcount ratio at $3.00 a day (2021 PPP) (% of population),SI.POV.DDAY,2012,21.8
Low & middle income,LMY,Poverty headcount ratio at $3.00 a day (2021 PPP) (% of population),SI.POV.DDAY,2013,18.9
Low & middle income,LMY,Poverty headcount ratio at $3.00 a day (2021 PPP) (% of population),SI.POV.DDAY,2014,17.6
Low & middle income,LMY,Poverty headcount ratio at $3.00 a day (2021 PPP) (% of population),SI.POV.DDAY,2015,16.3
Low & middle income,LMY,Poverty headcount ratio at $3.00 a day (2021 PPP) (% of population),SI.POV.DDAY,2016,15.2
Low & middle income,LMY,Poverty headcount ratio at $3.00 a day (2021 PPP) (% of population),SI.POV.DDAY,2017,14.3
Low & middle income,LMY,Poverty headcount ratio at $3.00 a day (2021 PPP) (% of population),SI.POV.DDAY,2018,13.4
Low & middle income,LMY,Poverty headcount ratio at $3.00 a day (2021 PPP) (% of population),SI.POV.DDAY,2019,13
Low & middle income,LMY,Poverty headcount ratio at $3.00 a day (2021 PPP) (% of population),SI.POV.DDAY,2020,13.8
Low & middle income,LMY,Poverty headcount ratio at $3.00 a day (2021 PPP) (% of population),SI.POV.DDAY,2021,13.7
Low & middle income,LMY,Poverty headcount ratio at $3.00 a day (2021 PPP) (% of population),SI.POV.DDAY,2022,13.1
Low & middle income,LMY,Poverty headcount ratio at $3.00 a day (2021 PPP) (% of population),SI.POV.DDAY,2023,12.7
Low & middle income,LMY,Poverty headcount ratio at $3.00 a day (2021 PPP) (% of population),SI.POV.DDAY,2024,12.5
Low income,LIC,Poverty headcount ratio at $3.00 a day (2021 PPP) (% of population),SI.POV.DDAY,1995,66.7
Low income,LIC,Poverty headcount ratio at $3.00 a day (2021 PPP) (% of population),SI.POV.DDAY,1996,66
Low income,LIC,Poverty headcount ratio at $3.00 a day (2021 PPP) (% of population),SI.POV.DDAY,1997,65.4
Low income,LIC,Poverty headcount ratio at $3.00 a day (2021 PPP) (% of population),SI.POV.DDAY,1998,66.1
Low income,LIC,Poverty headcount ratio at $3.00 a day (2021 PPP) (% of population),SI.POV.DDAY,1999,65.1
Low income,LIC,Poverty headcount ratio at $3.00 a day (2021 PPP) (% of population),SI.POV.DDAY,2000,64.1
Low income,LIC,Poverty headcount ratio at $3.00 a day (2021 PPP) (% of population),SI.POV.DDAY,2001,62.5
Low income,LIC,Poverty headcount ratio at $3.00 a day (2021 PPP) (% of population),SI.POV.DDAY,2002,63.1
Low income,LIC,Poverty headcount ratio at $3.00 a day (2021 PPP) (% of population),SI.POV.DDAY,2003,60.6
Low income,LIC,Poverty headcount ratio at $3.00 a day (2021 PPP) (% of population),SI.POV.DDAY,2004,57.3
Low income,LIC,Poverty headcount ratio at $3.00 a day (2021 PPP) (% of population),SI.POV.DDAY,2005,55.6
Low income,LIC,Poverty headcount ratio at $3.00 a day (2021 PPP) (% of population),SI.POV.DDAY,2006,54.9
Low income,LIC,Poverty headcount ratio at $3.00 a day (2021 PPP) (% of population),SI.POV.DDAY,2007,53.9
Low income,LIC,Poverty headcount ratio at $3.00 a day (2021 PPP) (% of population),SI.POV.DDAY,2008,52.6
Low income,LIC,Poverty headcount ratio at $3.00 a day (2021 PPP) (% of population),SI.POV.DDAY,2009,52.8
Low income,LIC,Poverty headcount ratio at $3.00 a day (2021 PPP) (% of population),SI.POV.DDAY,2010,51.2
Low income,LIC,Poverty headcount ratio at $3.00 a day (2021 PPP) (% of population),SI.POV.DDAY,2011,50.9
Low income,LIC,Poverty headcount ratio at $3.00 a day (2021 PPP) (% of population),SI.POV.DDAY,2012,49.7
Low income,LIC,Poverty headcount ratio at $3.00 a day (2021 PPP) (% of population),SI.POV.DDAY,2013,49.1
Low income,LIC,Poverty headcount ratio at $3.00 a day (2021 PPP) (% of population),SI.POV.DDAY,2014,49
Low income,LIC,Poverty headcount ratio at $3.00 a day (2021 PPP) (% of population),SI.POV.DDAY,2015,50.1
Low income,LIC,Poverty headcount ratio at $3.00 a day (2021 PPP) (% of population),SI.POV.DDAY,2016,50.6
Low income,LIC,Poverty headcount ratio at $3.00 a day (2021 PPP) (% of population),SI.POV.DDAY,2017,50.6
Low income,LIC,Poverty headcount ratio at $3.00 a day (2021 PPP) (% of population),SI.POV.DDAY,2020,52.6
Low income,LIC,Poverty headcount ratio at $3.00 a day (2021 PPP) (% of population),SI.POV.DDAY,2021,53.4
Low income,LIC,Poverty headcount ratio at $3.00 a day (2021 PPP) (% of population),SI.POV.DDAY,2022,52.6
Low income,LIC,Poverty headcount ratio at $3.00 a day (2021 PPP) (% of population),SI.POV.DDAY,2023,52.9
Lower middle income,LMC,Poverty headcount ratio at $3.00 a day (2021 PPP) (% of population),SI.POV.DDAY,1981,54.9
Lower middle income,LMC,Poverty headcount ratio at $3.00 a day (2021 PPP) (% of population),SI.POV.DDAY,1982,53.9
Lower middle income,LMC,Poverty headcount ratio at $3.00 a day (2021 PPP) (% of population),SI.POV.DDAY,1983,52.1
Lower middle income,LMC,Poverty headcount ratio at $3.00 a day (2021 PPP) (% of population),SI.POV.DDAY,1984,52
Lower middle income,LMC,Poverty headcount ratio at $3.00 a day (2021 PPP) (% of population),SI.POV.DDAY,1985,51.7
Lower middle income,LMC,Poverty headcount ratio at $3.00 a day (2021 PPP) (% of population),SI.POV.DDAY,1986,51.7
Lower middle income,LMC,Poverty headcount ratio at $3.00 a day (2021 PPP) (% of population),SI.POV.DDAY,1987,52.1
Lower middle income,LMC,Poverty headcount ratio at $3.00 a day (2021 PPP) (% of population),SI.POV.DDAY,1988,51.9
Lower middle income,LMC,Poverty headcount ratio at $3.00 a day (2021 PPP) (% of population),SI.POV.DDAY,1989,51.4
Lower middle income,LMC,Poverty headcount ratio at $3.00 a day (2021 PPP) (% of population),SI.POV.DDAY,1990,50.9
Lower middle income,LMC,Poverty headcount ratio at $3.00 a day (2021 PPP) (% of population),SI.POV.DDAY,1991,50.4
Lower middle income,LMC,Poverty headcount ratio at $3.00 a day (2021 PPP) (% of population),SI.POV.DDAY,1992,49.5
Lower middle income,LMC,Poverty headcount ratio at $3.00 a day (2021 PPP) (% of population),SI.POV.DDAY,1993,49.4
Lower middle income,LMC,Poverty headcount ratio at $3.00 a day (2021 PPP) (% of population),SI.POV.DDAY,1994,48.5
Lower middle income,LMC,Poverty headcount ratio at $3.00 a day (2021 PPP) (% of population),SI.POV.DDAY,1995,48.3
Lower middle income,LMC,Poverty headcount ratio at $3.00 a day (2021 PPP) (% of population),SI.POV.DDAY,1996,47.5
Lower middle income,LMC,Poverty headcount ratio at $3.00 a day (2021 PPP) (% of population),SI.POV.DDAY,2002,46.9
Lower middle income,LMC,Poverty headcount ratio at $3.00 a day (2021 PPP) (% of population),SI.POV.DDAY,2003,46
Lower middle income,LMC,Poverty headcount ratio at $3.00 a day (2021 PPP) (% of population),SI.POV.DDAY,2004,44.5
Lower middle income,LMC,Poverty headcount ratio at $3.00 a day (2021 PPP) (% of population),SI.POV.DDAY,2005,42.9
Lower middle income,LMC,Poverty headcount ratio at $3.00 a day (2021 PPP) (% of population),SI.POV.DDAY,2006,40.5
Lower middle income,LMC,Poverty headcount ratio at $3.00 a day (2021 PPP) (% of population),SI.POV.DDAY,2007,38.1
Lower middle income,LMC,Poverty headcount ratio at $3.00 a day (2021 PPP) (% of population),SI.POV.DDAY,2008,36.4
Lower middle income,LMC,Poverty headcount ratio at $3.00 a day (2021 PPP) (% of population),SI.POV.DDAY,2009,34.8
Lower middle income,LMC,Poverty headcount ratio at $3.00 a day (2021 PPP) (% of population),SI.POV.DDAY,2010,31.5
Lower middle income,LMC,Poverty headcount ratio at $3.00 a day (2021 PPP) (% of population),SI.POV.DDAY,2011,29.3
Lower middle income,LMC,Poverty headcount ratio at $3.00 a day (2021 PPP) (% of population),SI.POV.DDAY,2012,27.5
Lower middle income,LMC,Poverty headcount ratio at $3.00 a day (2021 PPP) (% of population),SI.POV.DDAY,2013,24.6
Lower middle income,LMC,Poverty headcount ratio at $3.00 a day (2021 PPP) (% of population),SI.POV.DDAY,2014,22.5
Lower middle income,LMC,Poverty headcount ratio at $3.00 a day (2021 PPP) (% of population),SI.POV.DDAY,2020,16
Lower middle income,LMC,Poverty headcount ratio at $3.00 a day (2021 PPP) (% of population),SI.POV.DDAY,2021,15.3
Lower middle income,LMC,Poverty headcount ratio at $3.00 a day (2021 PPP) (% of population),SI.POV.DDAY,2022,14.4
Lower middle income,LMC,Poverty headcount ratio at $3.00 a day (2021 PPP) (% of population),SI.POV.DDAY,2023,13.6
Lower middle income,LMC,Poverty headcount ratio at $3.00 a day (2021 PPP) (% of population),SI.POV.DDAY,2024,13.1
Luxembourg,LUX,Poverty headcount ratio at $3.00 a day (2021 PPP) (% of population),SI.POV.DDAY,1985,0.1
Luxembourg,LUX,Poverty headcount ratio at $3.00 a day (2021 PPP) (% of population),SI.POV.DDAY,1996,0.1
Luxembourg,LUX,Poverty headcount ratio at $3.00 a day (2021 PPP) (% of population),SI.POV.DDAY,2003,0.1
Luxembourg,LUX,Poverty headcount ratio at $3.00 a day (2021 PPP) (% of population),SI.POV.DDAY,2011,0.1
Luxembourg,LUX,Poverty headcount ratio at $3.00 a day (2021 PPP) (% of population),SI.POV.DDAY,2013,0.1
Luxembourg,LUX,Poverty headcount ratio at $3.00 a day (2021 PPP) (% of population),SI.POV.DDAY,2014,0.2
Luxembourg,LUX,Poverty headcount ratio at $3.00 a day (2021 PPP) (% of population),SI.POV.DDAY,2015,0.3
Luxembourg,LUX,Poverty headcount ratio at $3.00 a day (2021 PPP) (% of population),SI.POV.DDAY,2016,0.1
Luxembourg,LUX,Poverty headcount ratio at $3.00 a day (2021 PPP) (% of population),SI.POV.DDAY,2017,0.3
Luxembourg,LUX,Poverty headcount ratio at $3.00 a day (2021 PPP) (% of population),SI.POV.DDAY,2018,0.3
Luxembourg,LUX,Poverty headcount ratio at $3.00 a day (2021 PPP) (% of population),SI.POV.DDAY,2019,0.1
Luxembourg,LUX,Poverty headcount ratio at $3.00 a day (2021 PPP) (% of population),SI.POV.DDAY,2021,0.1
Luxembourg,LUX,Poverty headcount ratio at $3.00 a day (2021 PPP) (% of population),SI.POV.DDAY,2022,0.1
Luxembourg,LUX,Poverty headcount ratio at $3.00 a day (2021 PPP) (% of population),SI.POV.DDAY,2023,0.1
Madagascar,MDG,Poverty headcount ratio at $3.00 a day (2021 PPP) (% of population),SI.POV.DDAY,1980,61.7
Madagascar,MDG,Poverty headcount ratio at $3.00 a day (2021 PPP) (% of population),SI.POV.DDAY,1993,83.1
Madagascar,MDG,Poverty headcount ratio at $3.00 a day (2021 PPP) (% of population),SI.POV.DDAY,1997,80.7
Madagascar,MDG,Poverty headcount ratio at $3.00 a day (2021 PPP) (% of population),SI.POV.DDAY,1999,78.5
Madagascar,MDG,Poverty headcount ratio at $3.00 a day (2021 PPP) (% of population),SI.POV.DDAY,2001,57.5
Madagascar,MDG,Poverty headcount ratio at $3.00 a day (2021 PPP) (% of population),SI.POV.DDAY,2005,55.3
Madagascar,MDG,Poverty headcount ratio at $3.00 a day (2021 PPP) (% of population),SI.POV.DDAY,2010,65.3
Madagascar,MDG,Poverty headcount ratio at $3.00 a day (2021 PPP) (% of population),SI.POV.DDAY,2012,67.3
Madagascar,MDG,Poverty headcount ratio at $3.00 a day (2021 PPP) (% of population),SI.POV.DDAY,2021,69.2
Malawi,MWI,Poverty headcount ratio at $3.00 a day (2021 PPP) (% of population),SI.POV.DDAY,1997,64.6
Malawi,MWI,Poverty headcount ratio at $3.00 a day (2021 PPP) (% of population),SI.POV.DDAY,2004,74.4
Malawi,MWI,Poverty headcount ratio at $3.00 a day (2021 PPP) (% of population),SI.POV.DDAY,2010,72.9
Malawi,MWI,Poverty headcount ratio at $3.00 a day (2021 PPP) (% of population),SI.POV.DDAY,2016,71.7
Malawi,MWI,Poverty headcount ratio at $3.00 a day (2021 PPP) (% of population),SI.POV.DDAY,2019,75.4
Malaysia,MYS,Poverty headcount ratio at $3.00 a day (2021 PPP) (% of population),SI.POV.DDAY,1984,6.7
Malaysia,MYS,Poverty headcount ratio at $3.00 a day (2021 PPP) (% of population),SI.POV.DDAY,1987,5.9
Malaysia,MYS,Poverty headcount ratio at $3.00 a day (2021 PPP) (% of population),SI.POV.DDAY,1989,4.9
Malaysia,MYS,Poverty headcount ratio at $3.00 a day (2021 PPP) (% of population),SI.POV.DDAY,1992,5
Malaysia,MYS,Poverty headcount ratio at $3.00 a day (2021 PPP) (% of population),SI.POV.DDAY,1995,5.2
Malaysia,MYS,Poverty headcount ratio at $3.00 a day (2021 PPP) (% of population),SI.POV.DDAY,1997,1.7
Malaysia,MYS,Poverty headcount ratio at $3.00 a day (2021 PPP) (% of population),SI.POV.DDAY,2003,3.2
Malaysia,MYS,Poverty headcount ratio at $3.00 a day (2021 PPP) (% of population),SI.POV.DDAY,2006,1.7
Malaysia,MYS,Poverty headcount ratio at $3.00 a day (2021 PPP) (% of population),SI.POV.DDAY,2008,1.5
Malaysia,MYS,Poverty headcount ratio at $3.00 a day (2021 PPP) (% of population),SI.POV.DDAY,2011,0.4
Malaysia,MYS,Poverty headcount ratio at $3.00 a day (2021 PPP) (% of population),SI.POV.DDAY,2013,0.1
Malaysia,MYS,Poverty headcount ratio at $3.00 a day (2021 PPP) (% of population),SI.POV.DDAY,2015,0.1
Maldives,MDV,Poverty headcount ratio at $3.00 a day (2021 PPP) (% of population),SI.POV.DDAY,2002,18.8
Maldives,MDV,Poverty headcount ratio at $3.00 a day (2021 PPP) (% of population),SI.POV.DDAY,2009,13.1
Maldives,MDV,Poverty headcount ratio at $3.00 a day (2021 PPP) (% of population),SI.POV.DDAY,2016,0.1
Mali,MLI,Poverty headcount ratio at $3.00 a day (2021 PPP) (% of population),SI.POV.DDAY,1994,89.4
Mali,MLI,Poverty headcount ratio at $3.00 a day (2021 PPP) (% of population),SI.POV.DDAY,2001,68.6
Mali,MLI,Poverty headcount ratio at $3.00 a day (2021 PPP) (% of population),SI.POV.DDAY,2006,64
Mali,MLI,Poverty headcount ratio at $3.00 a day (2021 PPP) (% of population),SI.POV.DDAY,2009,63.3
Mali,MLI,Poverty headcount ratio at $3.00 a day (2021 PPP) (% of population),SI.POV.DDAY,2018,29.4
Mali,MLI,Poverty headcount ratio at $3.00 a day (2021 PPP) (% of population),SI.POV.DDAY,2021,36.1
Malta,MLT,Poverty headcount ratio at $3.00 a day (2021 PPP) (% of population),SI.POV.DDAY,2006,0.5
Malta,MLT,Poverty headcount ratio at $3.00 a day (2021 PPP) (% of population),SI.POV.DDAY,2007,0.5
Malta,MLT,Poverty headcount ratio at $3.00 a day (2021 PPP) (% of population),SI.POV.DDAY,2008,0.2
Malta,MLT,Poverty headcount ratio at $3.00 a day (2021 PPP) (% of population),SI.POV.DDAY,2009,0.5
Malta,MLT,Poverty headcount ratio at $3.00 a day (2021 PPP) (% of population),SI.POV.DDAY,2010,0.3
Malta,MLT,Poverty headcount ratio at $3.00 a day (2021 PPP) (% of population),SI.POV.DDAY,2011,0.2
Malta,MLT,Poverty headcount ratio at $3.00 a day (2021 PPP) (% of population),SI.POV.DDAY,2012,0.2
Malta,MLT,Poverty headcount ratio at $3.00 a day (2021 PPP) (% of population),SI.POV.DDAY,2015,0.1
Malta,MLT,Poverty headcount ratio at $3.00 a day (2021 PPP) (% of population),SI.POV.DDAY,2016,0.1
Malta,MLT,Poverty headcount ratio at $3.00 a day (2021 PPP) (% of population),SI.POV.DDAY,2017,0.2
Malta,MLT,Poverty headcount ratio at $3.00 a day (2021 PPP) (% of population),SI.POV.DDAY,2018,0.2
Malta,MLT,Poverty headcount ratio at $3.00 a day (2021 PPP) (% of population),SI.POV.DDAY,2019,0.3
Malta,MLT,Poverty headcount ratio at $3.00 a day (2021 PPP) (% of population),SI.POV.DDAY,2020,0.4
Malta,MLT,Poverty headcount ratio at $3.00 a day (2021 PPP) (% of population),SI.POV.DDAY,2021,0.1
Malta,MLT,Poverty headcount ratio at $3.00 a day (2021 PPP) (% of population),SI.POV.DDAY,2022,0.1
Malta,MLT,Poverty headcount ratio at $3.00 a day (2021 PPP) (% of population),SI.POV.DDAY,2023,0.4
Marshall Islands,MHL,Poverty headcount ratio at $3.00 a day (2021 PPP) (% of population),SI.POV.DDAY,2019,2.1
Mauritania,MRT,Poverty headcount ratio at $3.00 a day (2021 PPP) (% of population),SI.POV.DDAY,1987,50.8
Mauritania,MRT,Poverty headcount ratio at $3.00 a day (2021 PPP) (% of population),SI.POV.DDAY,1993,54.1
Mauritania,MRT,Poverty headcount ratio at $3.00 a day (2021 PPP) (% of population),SI.POV.DDAY,1995,31.7
Mauritania,MRT,Poverty headcount ratio at $3.00 a day (2021 PPP) (% of population),SI.POV.DDAY,2000,30.7
Mauritania,MRT,Poverty headcount ratio at $3.00 a day (2021 PPP) (% of population),SI.POV.DDAY,2004,28.5
Mauritania,MRT,Poverty headcount ratio at $3.00 a day (2021 PPP) (% of population),SI.POV.DDAY,2008,19.2
Mauritania,MRT,Poverty headcount ratio at $3.00 a day (2021 PPP) (% of population),SI.POV.DDAY,2014,11.7
Mauritania,MRT,Poverty headcount ratio at $3.00 a day (2021 PPP) (% of population),SI.POV.DDAY,2019,10.2
Mauritius,MUS,Poverty headcount ratio at $3.00 a day (2021 PPP) (% of population),SI.POV.DDAY,2006,1.1
Mauritius,MUS,Poverty headcount ratio at $3.00 a day (2021 PPP) (% of population),SI.POV.DDAY,2012,1.1
Mauritius,MUS,Poverty headcount ratio at $3.00 a day (2021 PPP) (% of population),SI.POV.DDAY,2017,0.5
Mexico,MEX,Poverty headcount ratio at $3.00 a day (2021 PPP) (% of population),SI.POV.DDAY,1984,15
Mexico,MEX,Poverty headcount ratio at $3.00 a day (2021 PPP) (% of population),SI.POV.DDAY,1989,14.8
Mexico,MEX,Poverty headcount ratio at $3.00 a day (2021 PPP) (% of population),SI.POV.DDAY,1992,13.3
Mexico,MEX,Poverty headcount ratio at $3.00 a day (2021 PPP) (% of population),SI.POV.DDAY,1994,13.6
Mexico,MEX,Poverty headcount ratio at $3.00 a day (2021 PPP) (% of population),SI.POV.DDAY,1996,21.7
Mexico,MEX,Poverty headcount ratio at $3.00 a day (2021 PPP) (% of population),SI.POV.DDAY,1998,21.9
Mexico,MEX,Poverty headcount ratio at $3.00 a day (2021 PPP) (% of population),SI.POV.DDAY,2000,16.3
Mexico,MEX,Poverty headcount ratio at $3.00 a day (2021 PPP) (% of population),SI.POV.DDAY,2002,12.8
Mexico,MEX,Poverty headcount ratio at $3.00 a day (2021 PPP) (% of population),SI.POV.DDAY,2004,11
Mexico,MEX,Poverty headcount ratio at $3.00 a day (2021 PPP) (% of population),SI.POV.DDAY,2005,11.7
Mexico,MEX,Poverty headcount ratio at $3.00 a day (2021 PPP) (% of population),SI.POV.DDAY,2006,9
Mexico,MEX,Poverty headcount ratio at $3.00 a day (2021 PPP) (% of population),SI.POV.DDAY,2008,10.1
Mexico,MEX,Poverty headcount ratio at $3.00 a day (2021 PPP) (% of population),SI.POV.DDAY,2010,8.4
Mexico,MEX,Poverty headcount ratio at $3.00 a day (2021 PPP) (% of population),SI.POV.DDAY,2012,7.3
Mexico,MEX,Poverty headcount ratio at $3.00 a day (2021 PPP) (% of population),SI.POV.DDAY,2014,7.2
Mexico,MEX,Poverty headcount ratio at $3.00 a day (2021 PPP) (% of population),SI.POV.DDAY,2016,4.4
Mexico,MEX,Poverty headcount ratio at $3.00 a day (2021 PPP) (% of population),SI.POV.DDAY,2018,3.9
Mexico,MEX,Poverty headcount ratio at $3.00 a day (2021 PPP) (% of population),SI.POV.DDAY,2020,4.3
Mexico,MEX,Poverty headcount ratio at $3.00 a day (2021 PPP) (% of population),SI.POV.DDAY,2022,2.3
Mexico,MEX,Poverty headcount ratio at $3.00 a day (2021 PPP) (% of population),SI.POV.DDAY,2024,1.6
"Micronesia, Fed. Sts.",FSM,Poverty headcount ratio at $3.00 a day (2021 PPP) (% of population),SI.POV.DDAY,2005,15.8
"Micronesia, Fed. Sts.",FSM,Poverty headcount ratio at $3.00 a day (2021 PPP) (% of population),SI.POV.DDAY,2013,26.1
"Middle East, North Africa, Afghanistan & Pakistan",MEA,Poverty headcount ratio at $3.00 a day (2021 PPP) (% of population),SI.POV.DDAY,1984,36.2
"Middle East, North Africa, Afghanistan & Pakistan",MEA,Poverty headcount ratio at $3.00 a day (2021 PPP) (% of population),SI.POV.DDAY,1985,35.7
"Middle East, North Africa, Afghanistan & Pakistan",MEA,Poverty headcount ratio at $3.00 a day (2021 PPP) (% of population),SI.POV.DDAY,1986,35.5
"Middle East, North Africa, Afghanistan & Pakistan",MEA,Poverty headcount ratio at $3.00 a day (2021 PPP) (% of population),SI.POV.DDAY,1987,35.5
"Middle East, North Africa, Afghanistan & Pakistan",MEA,Poverty headcount ratio at $3.00 a day (2021 PPP) (% of population),SI.POV.DDAY,1988,35.1
"Middle East, North Africa, Afghanistan & Pakistan",MEA,Poverty headcount ratio at $3.00 a day (2021 PPP) (% of population),SI.POV.DDAY,1989,34.9
"Middle East, North Africa, Afghanistan & Pakistan",MEA,Poverty headcount ratio at $3.00 a day (2021 PPP) (% of population),SI.POV.DDAY,1990,34.2
"Middle East, North Africa, Afghanistan & Pakistan",MEA,Poverty headcount ratio at $3.00 a day (2021 PPP) (% of population),SI.POV.DDAY,1991,32
"Middle East, North Africa, Afghanistan & Pakistan",MEA,Poverty headcount ratio at $3.00 a day (2021 PPP) (% of population),SI.POV.DDAY,1992,28.2
"Middle East, North Africa, Afghanistan & Pakistan",MEA,Poverty headcount ratio at $3.00 a day (2021 PPP) (% of population),SI.POV.DDAY,1993,28.3
"Middle East, North Africa, Afghanistan & Pakistan",MEA,Poverty headcount ratio at $3.00 a day (2021 PPP) (% of population),SI.POV.DDAY,1994,25.7
"Middle East, North Africa, Afghanistan & Pakistan",MEA,Poverty headcount ratio at $3.00 a day (2021 PPP) (% of population),SI.POV.DDAY,1995,25.3
"Middle East, North Africa, Afghanistan & Pakistan",MEA,Poverty headcount ratio at $3.00 a day (2021 PPP) (% of population),SI.POV.DDAY,1996,23.1
"Middle East, North Africa, Afghanistan & Pakistan",MEA,Poverty headcount ratio at $3.00 a day (2021 PPP) (% of population),SI.POV.DDAY,1997,22.7
"Middle East, North Africa, Afghanistan & Pakistan",MEA,Poverty headcount ratio at $3.00 a day (2021 PPP) (% of population),SI.POV.DDAY,1998,23.1
"Middle East, North Africa, Afghanistan & Pakistan",MEA,Poverty headcount ratio at $3.00 a day (2021 PPP) (% of population),SI.POV.DDAY,1999,23.4
"Middle East, North Africa, Afghanistan & Pakistan",MEA,Poverty headcount ratio at $3.00 a day (2021 PPP) (% of population),SI.POV.DDAY,2000,23.8
"Middle East, North Africa, Afghanistan & Pakistan",MEA,Poverty headcount ratio at $3.00 a day (2021 PPP) (% of population),SI.POV.DDAY,2001,24.6
"Middle East, North Africa, Afghanistan & Pakistan",MEA,Poverty headcount ratio at $3.00 a day (2021 PPP) (% of population),SI.POV.DDAY,2002,24.2
"Middle East, North Africa, Afghanistan & Pakistan",MEA,Poverty headcount ratio at $3.00 a day (2021 PPP) (% of population),SI.POV.DDAY,2003,22.2
"Middle East, North Africa, Afghanistan & Pakistan",MEA,Poverty headcount ratio at $3.00 a day (2021 PPP) (% of population),SI.POV.DDAY,2004,19.9
"Middle East, North Africa, Afghanistan & Pakistan",MEA,Poverty headcount ratio at $3.00 a day (2021 PPP) (% of population),SI.POV.DDAY,2005,18.8
"Middle East, North Africa, Afghanistan & Pakistan",MEA,Poverty headcount ratio at $3.00 a day (2021 PPP) (% of population),SI.POV.DDAY,2006,17.6
"Middle East, North Africa, Afghanistan & Pakistan",MEA,Poverty headcount ratio at $3.00 a day (2021 PPP) (% of population),SI.POV.DDAY,2007,16.7
"Middle East, North Africa, Afghanistan & Pakistan",MEA,Poverty headcount ratio at $3.00 a day (2021 PPP) (% of population),SI.POV.DDAY,2008,14.7
"Middle East, North Africa, Afghanistan & Pakistan",MEA,Poverty headcount ratio at $3.00 a day (2021 PPP) (% of population),SI.POV.DDAY,2009,15.2
"Middle East, North Africa, Afghanistan & Pakistan",MEA,Poverty headcount ratio at $3.00 a day (2021 PPP) (% of population),SI.POV.DDAY,2010,13.4
"Middle East, North Africa, Afghanistan & Pakistan",MEA,Poverty headcount ratio at $3.00 a day (2021 PPP) (% of population),SI.POV.DDAY,2011,13
"Middle East, North Africa, Afghanistan & Pakistan",MEA,Poverty headcount ratio at $3.00 a day (2021 PPP) (% of population),SI.POV.DDAY,2012,12.3
"Middle East, North Africa, Afghanistan & Pakistan",MEA,Poverty headcount ratio at $3.00 a day (2021 PPP) (% of population),SI.POV.DDAY,2013,11.6
"Middle East, North Africa, Afghanistan & Pakistan",MEA,Poverty headcount ratio at $3.00 a day (2021 PPP) (% of population),SI.POV.DDAY,2014,11.5
"Middle East, North Africa, Afghanistan & Pakistan",MEA,Poverty headcount ratio at $3.00 a day (2021 PPP) (% of population),SI.POV.DDAY,2015,11.3
"Middle East, North Africa, Afghanistan & Pakistan",MEA,Poverty headcount ratio at $3.00 a day (2021 PPP) (% of population),SI.POV.DDAY,2016,11.3
"Middle East, North Africa, Afghanistan & Pakistan",MEA,Poverty headcount ratio at $3.00 a day (2021 PPP) (% of population),SI.POV.DDAY,2017,11.1
"Middle East, North Africa, Afghanistan & Pakistan",MEA,Poverty headcount ratio at $3.00 a day (2021 PPP) (% of population),SI.POV.DDAY,2018,11.1
"Middle East, North Africa, Afghanistan & Pakistan",MEA,Poverty headcount ratio at $3.00 a day (2021 PPP) (% of population),SI.POV.DDAY,2019,11.6
"Middle East, North Africa, Afghanistan & Pakistan",MEA,Poverty headcount ratio at $3.00 a day (2021 PPP) (% of population),SI.POV.DDAY,2020,12.6
"Middle East, North Africa, Afghanistan & Pakistan",MEA,Poverty headcount ratio at $3.00 a day (2021 PPP) (% of population),SI.POV.DDAY,2021,13.4
"Middle East, North Africa, Afghanistan & Pakistan",MEA,Poverty headcount ratio at $3.00 a day (2021 PPP) (% of population),SI.POV.DDAY,2022,13.5
"Middle East, North Africa, Afghanistan & Pakistan",MEA,Poverty headcount ratio at $3.00 a day (2021 PPP) (% of population),SI.POV.DDAY,2023,13.9
"Middle East, North Africa, Afghanistan & Pakistan",MEA,Poverty headcount ratio at $3.00 a day (2021 PPP) (% of population),SI.POV.DDAY,2024,14.4
Moldova,MDA,Poverty headcount ratio at $3.00 a day (2021 PPP) (% of population),SI.POV.DDAY,1997,19.1
Moldova,MDA,Poverty headcount ratio at $3.00 a day (2021 PPP) (% of population),SI.POV.DDAY,1998,31.9
Moldova,MDA,Poverty headcount ratio at $3.00 a day (2021 PPP) (% of population),SI.POV.DDAY,1999,44
Moldova,MDA,Poverty headcount ratio at $3.00 a day (2021 PPP) (% of population),SI.POV.DDAY,2000,41
Moldova,MDA,Poverty headcount ratio at $3.00 a day (2021 PPP) (% of population),SI.POV.DDAY,2001,32.2
Moldova,MDA,Poverty headcount ratio at $3.00 a day (2021 PPP) (% of population),SI.POV.DDAY,2002,19.9
Moldova,MDA,Poverty headcount ratio at $3.00 a day (2021 PPP) (% of population),SI.POV.DDAY,2003,10
Moldova,MDA,Poverty headcount ratio at $3.00 a day (2021 PPP) (% of population),SI.POV.DDAY,2004,11.6
Moldova,MDA,Poverty headcount ratio at $3.00 a day (2021 PPP) (% of population),SI.POV.DDAY,2005,16.6
Moldova,MDA,Poverty headcount ratio at $3.00 a day (2021 PPP) (% of population),SI.POV.DDAY,2006,3.4
Moldova,MDA,Poverty headcount ratio at $3.00 a day (2021 PPP) (% of population),SI.POV.DDAY,2007,1.6
Moldova,MDA,Poverty headcount ratio at $3.00 a day (2021 PPP) (% of population),SI.POV.DDAY,2008,1.7
Moldova,MDA,Poverty headcount ratio at $3.00 a day (2021 PPP) (% of population),SI.POV.DDAY,2009,1.5
Moldova,MDA,Poverty headcount ratio at $3.00 a day (2021 PPP) (% of population),SI.POV.DDAY,2010,0.8
Moldova,MDA,Poverty headcount ratio at $3.00 a day (2021 PPP) (% of population),SI.POV.DDAY,2011,0.5
Moldova,MDA,Poverty headcount ratio at $3.00 a day (2021 PPP) (% of population),SI.POV.DDAY,2012,0.5
Moldova,MDA,Poverty headcount ratio at $3.00 a day (2021 PPP) (% of population),SI.POV.DDAY,2013,0.1
Moldova,MDA,Poverty headcount ratio at $3.00 a day (2021 PPP) (% of population),SI.POV.DDAY,2015,0.1
Moldova,MDA,Poverty headcount ratio at $3.00 a day (2021 PPP) (% of population),SI.POV.DDAY,2016,0.2
Moldova,MDA,Poverty headcount ratio at $3.00 a day (2021 PPP) (% of population),SI.POV.DDAY,2017,0.1
Moldova,MDA,Poverty headcount ratio at $3.00 a day (2021 PPP) (% of population),SI.POV.DDAY,2021,0.2
Moldova,MDA,Poverty headcount ratio at $3.00 a day (2021 PPP) (% of population),SI.POV.DDAY,2023,0.1
Mongolia,MNG,Poverty headcount ratio at $3.00 a day (2021 PPP) (% of population),SI.POV.DDAY,1995,22.1
Mongolia,MNG,Poverty headcount ratio at $3.00 a day (2021 PPP) (% of population),SI.POV.DDAY,1998,39.7
Mongolia,MNG,Poverty headcount ratio at $3.00 a day (2021 PPP) (% of population),SI.POV.DDAY,2002,18.7
Mongolia,MNG,Poverty headcount ratio at $3.00 a day (2021 PPP) (% of population),SI.POV.DDAY,2007,4
Mongolia,MNG,Poverty headcount ratio at $3.00 a day (2021 PPP) (% of population),SI.POV.DDAY,2010,3.5
Mongolia,MNG,Poverty headcount ratio at $3.00 a day (2021 PPP) (% of population),SI.POV.DDAY,2011,2.2
Mongolia,MNG,Poverty headcount ratio at $3.00 a day (2021 PPP) (% of population),SI.POV.DDAY,2012,1.1
Mongolia,MNG,Poverty headcount ratio at $3.00 a day (2021 PPP) (% of population),SI.POV.DDAY,2014,0.8
Mongolia,MNG,Poverty headcount ratio at $3.00 a day (2021 PPP) (% of population),SI.POV.DDAY,2016,1.9
Mongolia,MNG,Poverty headcount ratio at $3.00 a day (2021 PPP) (% of population),SI.POV.DDAY,2018,1.7
Mongolia,MNG,Poverty headcount ratio at $3.00 a day (2021 PPP) (% of population),SI.POV.DDAY,2022,0.4
Montenegro,MNE,Poverty headcount ratio at $3.00 a day (2021 PPP) (% of population),SI.POV.DDAY,2005,0.4
Montenegro,MNE,Poverty headcount ratio at $3.00 a day (2021 PPP) (% of population),SI.POV.DDAY,2006,0.4
Montenegro,MNE,Poverty headcount ratio at $3.00 a day (2021 PPP) (% of population),SI.POV.DDAY,2007,0.4
Montenegro,MNE,Poverty headcount ratio at $3.00 a day (2021 PPP) (% of population),SI.POV.DDAY,2008,0.3
Montenegro,MNE,Poverty headcount ratio at $3.00 a day (2021 PPP) (% of population),SI.POV.DDAY,2011,0.4
Montenegro,MNE,Poverty headcount ratio at $3.00 a day (2021 PPP) (% of population),SI.POV.DDAY,2012,5.6
Montenegro,MNE,Poverty headcount ratio at $3.00 a day (2021 PPP) (% of population),SI.POV.DDAY,2013,5.2
Montenegro,MNE,Poverty headcount ratio at $3.00 a day (2021 PPP) (% of population),SI.POV.DDAY,2014,3.9
Montenegro,MNE,Poverty headcount ratio at $3.00 a day (2021 PPP) (% of population),SI.POV.DDAY,2015,3.6
Montenegro,MNE,Poverty headcount ratio at $3.00 a day (2021 PPP) (% of population),SI.POV.DDAY,2016,3.3
Montenegro,MNE,Poverty headcount ratio at $3.00 a day (2021 PPP) (% of population),SI.POV.DDAY,2017,4.6
Montenegro,MNE,Poverty headcount ratio at $3.00 a day (2021 PPP) (% of population),SI.POV.DDAY,2018,3.9
Montenegro,MNE,Poverty headcount ratio at $3.00 a day (2021 PPP) (% of population),SI.POV.DDAY,2019,2.5
Montenegro,MNE,Poverty headcount ratio at $3.00 a day (2021 PPP) (% of population),SI.POV.DDAY,2020,2.2
Montenegro,MNE,Poverty headcount ratio at $3.00 a day (2021 PPP) (% of population),SI.POV.DDAY,2021,2.5
Morocco,MAR,Poverty headcount ratio at $3.00 a day (2021 PPP) (% of population),SI.POV.DDAY,1984,22.4
Morocco,MAR,Poverty headcount ratio at $3.00 a day (2021 PPP) (% of population),SI.POV.DDAY,1990,11.2
Morocco,MAR,Poverty headcount ratio at $3.00 a day (2021 PPP) (% of population),SI.POV.DDAY,1998,17.5
Morocco,MAR,Poverty headcount ratio at $3.00 a day (2021 PPP) (% of population),SI.POV.DDAY,2000,16.8
Morocco,MAR,Poverty headcount ratio at $3.00 a day (2021 PPP) (% of population),SI.POV.DDAY,2006,9.4
Morocco,MAR,Poverty headcount ratio at $3.00 a day (2021 PPP) (% of population),SI.POV.DDAY,2013,3.7
Mozambique,MOZ,Poverty headcount ratio at $3.00 a day (2021 PPP) (% of population),SI.POV.DDAY,1996,87.7
Mozambique,MOZ,Poverty headcount ratio at $3.00 a day (2021 PPP) (% of population),SI.POV.DDAY,2002,87.6
Mozambique,MOZ,Poverty headcount ratio at $3.00 a day (2021 PPP) (% of population),SI.POV.DDAY,2008,81.1
Mozambique,MOZ,Poverty headcount ratio at $3.00 a day (2021 PPP) (% of population),SI.POV.DDAY,2014,74.4
Mozambique,MOZ,Poverty headcount ratio at $3.00 a day (2021 PPP) (% of population),SI.POV.DDAY,2019,81.6
Mozambique,MOZ,Poverty headcount ratio at $3.00 a day (2021 PPP) (% of population),SI.POV.DDAY,2022,81.4
Myanmar,MMR,Poverty headcount ratio at $3.00 a day (2021 PPP) (% of population),SI.POV.DDAY,2015,18.2
Myanmar,MMR,Poverty headcount ratio at $3.00 a day (2021 PPP) (% of population),SI.POV.DDAY,2017,10.3
Namibia,NAM,Poverty headcount ratio at $3.00 a day (2021 PPP) (% of population),SI.POV.DDAY,1993,60.3
Namibia,NAM,Poverty headcount ratio at $3.00 a day (2021 PPP) (% of population),SI.POV.DDAY,2003,47.6
Namibia,NAM,Poverty headcount ratio at $3.00 a day (2021 PPP) (% of population),SI.POV.DDAY,2009,38.6
Namibia,NAM,Poverty headcount ratio at $3.00 a day (2021 PPP) (% of population),SI.POV.DDAY,2015,22.9
Nauru,NRU,Poverty headcount ratio at $3.00 a day (2021 PPP) (% of population),SI.POV.DDAY,2012,9.7
Nepal,NPL,Poverty headcount ratio at $3.00 a day (2021 PPP) (% of population),SI.POV.DDAY,1984,83
Nepal,NPL,Poverty headcount ratio at $3.00 a day (2021 PPP) (% of population),SI.POV.DDAY,1995,71.1
Nepal,NPL,Poverty headcount ratio at $3.00 a day (2021 PPP) (% of population),SI.POV.DDAY,2003,55.9
Nepal,NPL,Poverty headcount ratio at $3.00 a day (2021 PPP) (% of population),SI.POV.DDAY,2010,22.1
Nepal,NPL,Poverty headcount ratio at $3.00 a day (2021 PPP) (% of population),SI.POV.DDAY,2022,2.4
Netherlands,NLD,Poverty headcount ratio at $3.00 a day (2021 PPP) (% of population),SI.POV.DDAY,1983,0.7
Netherlands,NLD,Poverty headcount ratio at $3.00 a day (2021 PPP) (% of population),SI.POV.DDAY,1987,0.4
Netherlands,NLD,Poverty headcount ratio at $3.00 a day (2021 PPP) (% of population),SI.POV.DDAY,1990,1.1
Netherlands,NLD,Poverty headcount ratio at $3.00 a day (2021 PPP) (% of population),SI.POV.DDAY,1993,1.4
Netherlands,NLD,Poverty headcount ratio at $3.00 a day (2021 PPP) (% of population),SI.POV.DDAY,1999,0.3
Netherlands,NLD,Poverty headcount ratio at $3.00 a day (2021 PPP) (% of population),SI.POV.DDAY,2004,0.3
Netherlands,NLD,Poverty headcount ratio at $3.00 a day (2021 PPP) (% of population),SI.POV.DDAY,2005,0.1
Netherlands,NLD,Poverty headcount ratio at $3.00 a day (2021 PPP) (% of population),SI.POV.DDAY,2008,0.2
Netherlands,NLD,Poverty headcount ratio at $3.00 a day (2021 PPP) (% of population),SI.POV.DDAY,2009,0.2
Netherlands,NLD,Poverty headcount ratio at $3.00 a day (2021 PPP) (% of population),SI.POV.DDAY,2011,0.1
Netherlands,NLD,Poverty headcount ratio at $3.00 a day (2021 PPP) (% of population),SI.POV.DDAY,2012,0.1
Netherlands,NLD,Poverty headcount ratio at $3.00 a day (2021 PPP) (% of population),SI.POV.DDAY,2013,0.1
Netherlands,NLD,Poverty headcount ratio at $3.00 a day (2021 PPP) (% of population),SI.POV.DDAY,2014,0.1
Netherlands,NLD,Poverty headcount ratio at $3.00 a day (2021 PPP) (% of population),SI.POV.DDAY,2015,0.1
Netherlands,NLD,Poverty headcount ratio at $3.00 a day (2021 PPP) (% of population),SI.POV.DDAY,2016,0.1
Netherlands,NLD,Poverty headcount ratio at $3.00 a day (2021 PPP) (% of population),SI.POV.DDAY,2017,0.2
Netherlands,NLD,Poverty headcount ratio at $3.00 a day (2021 PPP) (% of population),SI.POV.DDAY,2018,0.1
Netherlands,NLD,Poverty headcount ratio at $3.00 a day (2021 PPP) (% of population),SI.POV.DDAY,2019,0.1
Netherlands,NLD,Poverty headcount ratio at $3.00 a day (2021 PPP) (% of population),SI.POV.DDAY,2021,0.1
Nicaragua,NIC,Poverty headcount ratio at $3.00 a day (2021 PPP) (% of population),SI.POV.DDAY,1993,47.1
Nicaragua,NIC,Poverty headcount ratio at $3.00 a day (2021 PPP) (% of population),SI.POV.DDAY,1998,34.7
Nicaragua,NIC,Poverty headcount ratio at $3.00 a day (2021 PPP) (% of population),SI.POV.DDAY,2001,26.3
Nicaragua,NIC,Poverty headcount ratio at $3.00 a day (2021 PPP) (% of population),SI.POV.DDAY,2005,16.5
Nicaragua,NIC,Poverty headcount ratio at $3.00 a day (2021 PPP) (% of population),SI.POV.DDAY,2009,13.9
Nicaragua,NIC,Poverty headcount ratio at $3.00 a day (2021 PPP) (% of population),SI.POV.DDAY,2014,6.6
Niger,NER,Poverty headcount ratio at $3.00 a day (2021 PPP) (% of population),SI.POV.DDAY,1992,88
Niger,NER,Poverty headcount ratio at $3.00 a day (2021 PPP) (% of population),SI.POV.DDAY,1994,88.9
Niger,NER,Poverty headcount ratio at $3.00 a day (2021 PPP) (% of population),SI.POV.DDAY,2005,83.8
Niger,NER,Poverty headcount ratio at $3.00 a day (2021 PPP) (% of population),SI.POV.DDAY,2007,82.9
Niger,NER,Poverty headcount ratio at $3.00 a day (2021 PPP) (% of population),SI.POV.DDAY,2011,68.8
Niger,NER,Poverty headcount ratio at $3.00 a day (2021 PPP) (% of population),SI.POV.DDAY,2014,60.3
Niger,NER,Poverty headcount ratio at $3.00 a day (2021 PPP) (% of population),SI.POV.DDAY,2018,59
Niger,NER,Poverty headcount ratio at $3.00 a day (2021 PPP) (% of population),SI.POV.DDAY,2021,60.5
Nigeria,NGA,Poverty headcount ratio at $3.00 a day (2021 PPP) (% of population),SI.POV.DDAY,1985,51.1
Nigeria,NGA,Poverty headcount ratio at $3.00 a day (2021 PPP) (% of population),SI.POV.DDAY,1992,55.2
Nigeria,NGA,Poverty headcount ratio at $3.00 a day (2021 PPP) (% of population),SI.POV.DDAY,1996,60.9
Nigeria,NGA,Poverty headcount ratio at $3.00 a day (2021 PPP) (% of population),SI.POV.DDAY,2003,51.1
Nigeria,NGA,Poverty headcount ratio at $3.00 a day (2021 PPP) (% of population),SI.POV.DDAY,2010,38.5
Nigeria,NGA,Poverty headcount ratio at $3.00 a day (2021 PPP) (% of population),SI.POV.DDAY,2012,37.4
Nigeria,NGA,Poverty headcount ratio at $3.00 a day (2021 PPP) (% of population),SI.POV.DDAY,2015,35.8
Nigeria,NGA,Poverty headcount ratio at $3.00 a day (2021 PPP) (% of population),SI.POV.DDAY,2018,34.2
Nigeria,NGA,Poverty headcount ratio at $3.00 a day (2021 PPP) (% of population),SI.POV.DDAY,2022,41.8
North America,NAC,Poverty headcount ratio at $3.00 a day (2021 PPP) (% of population),SI.POV.DDAY,1981,0.6
North America,NAC,Poverty headcount ratio at $3.00 a day (2021 PPP) (% of population),SI.POV.DDAY,1982,0.7
North America,NAC,Poverty headcount ratio at $3.00 a day (2021 PPP) (% of population),SI.POV.DDAY,1983,0.7
North America,NAC,Poverty headcount ratio at $3.00 a day (2021 PPP) (% of population),SI.POV.DDAY,1984,0.6
North America,NAC,Poverty headcount ratio at $3.00 a day (2021 PPP) (% of population),SI.POV.DDAY,1985,0.6
North America,NAC,Poverty headcount ratio at $3.00 a day (2021 PPP) (% of population),SI.POV.DDAY,1986,0.6
North America,NAC,Poverty headcount ratio at $3.00 a day (2021 PPP) (% of population),SI.POV.DDAY,1987,0.5
North America,NAC,Poverty headcount ratio at $3.00 a day (2021 PPP) (% of population),SI.POV.DDAY,1988,0.5
North America,NAC,Poverty headcount ratio at $3.00 a day (2021 PPP) (% of population),SI.POV.DDAY,1989,0.5
North America,NAC,Poverty headcount ratio at $3.00 a day (2021 PPP) (% of population),SI.POV.DDAY,1990,0.5
North America,NAC,Poverty headcount ratio at $3.00 a day (2021 PPP) (% of population),SI.POV.DDAY,1991,0.6
North America,NAC,Poverty headcount ratio at $3.00 a day (2021 PPP) (% of population),SI.POV.DDAY,1992,0.6
North America,NAC,Poverty headcount ratio at $3.00 a day (2021 PPP) (% of population),SI.POV.DDAY,1993,0.7
North America,NAC,Poverty headcount ratio at $3.00 a day (2021 PPP) (% of population),SI.POV.DDAY,1994,0.7
North America,NAC,Poverty headcount ratio at $3.00 a day (2021 PPP) (% of population),SI.POV.DDAY,1995,0.6
North America,NAC,Poverty headcount ratio at $3.00 a day (2021 PPP) (% of population),SI.POV.DDAY,1996,0.6
North America,NAC,Poverty headcount ratio at $3.00 a day (2021 PPP) (% of population),SI.POV.DDAY,1997,0.7
North America,NAC,Poverty headcount ratio at $3.00 a day (2021 PPP) (% of population),SI.POV.DDAY,1998,0.8
North America,NAC,Poverty headcount ratio at $3.00 a day (2021 PPP) (% of population),SI.POV.DDAY,1999,0.7
North America,NAC,Poverty headcount ratio at $3.00 a day (2021 PPP) (% of population),SI.POV.DDAY,2000,0.7
North America,NAC,Poverty headcount ratio at $3.00 a day (2021 PPP) (% of population),SI.POV.DDAY,2001,0.8
North America,NAC,Poverty headcount ratio at $3.00 a day (2021 PPP) (% of population),SI.POV.DDAY,2002,0.8
North America,NAC,Poverty headcount ratio at $3.00 a day (2021 PPP) (% of population),SI.POV.DDAY,2003,0.9
North America,NAC,Poverty headcount ratio at $3.00 a day (2021 PPP) (% of population),SI.POV.DDAY,2004,0.9
North America,NAC,Poverty headcount ratio at $3.00 a day (2021 PPP) (% of population),SI.POV.DDAY,2005,0.9
North America,NAC,Poverty headcount ratio at $3.00 a day (2021 PPP) (% of population),SI.POV.DDAY,2006,0.9
North America,NAC,Poverty headcount ratio at $3.00 a day (2021 PPP) (% of population),SI.POV.DDAY,2007,0.9
North America,NAC,Poverty headcount ratio at $3.00 a day (2021 PPP) (% of population),SI.POV.DDAY,2008,1
North America,NAC,Poverty headcount ratio at $3.00 a day (2021 PPP) (% of population),SI.POV.DDAY,2009,0.9
North America,NAC,Poverty headcount ratio at $3.00 a day (2021 PPP) (% of population),SI.POV.DDAY,2010,1
North America,NAC,Poverty headcount ratio at $3.00 a day (2021 PPP) (% of population),SI.POV.DDAY,2011,1
North America,NAC,Poverty headcount ratio at $3.00 a day (2021 PPP) (% of population),SI.POV.DDAY,2012,1
North America,NAC,Poverty headcount ratio at $3.00 a day (2021 PPP) (% of population),SI.POV.DDAY,2013,1
North America,NAC,Poverty headcount ratio at $3.00 a day (2021 PPP) (% of population),SI.POV.DDAY,2014,1.2
North America,NAC,Poverty headcount ratio at $3.00 a day (2021 PPP) (% of population),SI.POV.DDAY,2015,1.1
North America,NAC,Poverty headcount ratio at $3.00 a day (2021 PPP) (% of population),SI.POV.DDAY,2016,1
North America,NAC,Poverty headcount ratio at $3.00 a day (2021 PPP) (% of population),SI.POV.DDAY,2017,1.1
North America,NAC,Poverty headcount ratio at $3.00 a day (2021 PPP) (% of population),SI.POV.DDAY,2018,1
North America,NAC,Poverty headcount ratio at $3.00 a day (2021 PPP) (% of population),SI.POV.DDAY,2019,0.9
North America,NAC,Poverty headcount ratio at $3.00 a day (2021 PPP) (% of population),SI.POV.DDAY,2020,0.3
North America,NAC,Poverty headcount ratio at $3.00 a day (2021 PPP) (% of population),SI.POV.DDAY,2021,0.3
North America,NAC,Poverty headcount ratio at $3.00 a day (2021 PPP) (% of population),SI.POV.DDAY,2022,1.2
North America,NAC,Poverty headcount ratio at $3.00 a day (2021 PPP) (% of population),SI.POV.DDAY,2023,1.1
North America,NAC,Poverty headcount ratio at $3.00 a day (2021 PPP) (% of population),SI.POV.DDAY,2024,0.9
North Macedonia,MKD,Poverty headcount ratio at $3.00 a day (2021 PPP) (% of population),SI.POV.DDAY,1998,3.3
North Macedonia,MKD,Poverty headcount ratio at $3.00 a day (2021 PPP) (% of population),SI.POV.DDAY,2000,11.7
North Macedonia,MKD,Poverty headcount ratio at $3.00 a day (2021 PPP) (% of population),SI.POV.DDAY,2002,3
North Macedonia,MKD,Poverty headcount ratio at $3.00 a day (2021 PPP) (% of population),SI.POV.DDAY,2003,2.8
North Macedonia,MKD,Poverty headcount ratio at $3.00 a day (2021 PPP) (% of population),SI.POV.DDAY,2004,1.4
North Macedonia,MKD,Poverty headcount ratio at $3.00 a day (2021 PPP) (% of population),SI.POV.DDAY,2005,3.1
North Macedonia,MKD,Poverty headcount ratio at $3.00 a day (2021 PPP) (% of population),SI.POV.DDAY,2006,4.6
North Macedonia,MKD,Poverty headcount ratio at $3.00 a day (2021 PPP) (% of population),SI.POV.DDAY,2008,1.4
North Macedonia,MKD,Poverty headcount ratio at $3.00 a day (2021 PPP) (% of population),SI.POV.DDAY,2009,12.1
North Macedonia,MKD,Poverty headcount ratio at $3.00 a day (2021 PPP) (% of population),SI.POV.DDAY,2010,12.8
North Macedonia,MKD,Poverty headcount ratio at $3.00 a day (2021 PPP) (% of population),SI.POV.DDAY,2011,10.9
North Macedonia,MKD,Poverty headcount ratio at $3.00 a day (2021 PPP) (% of population),SI.POV.DDAY,2012,9.1
North Macedonia,MKD,Poverty headcount ratio at $3.00 a day (2021 PPP) (% of population),SI.POV.DDAY,2013,7.4
North Macedonia,MKD,Poverty headcount ratio at $3.00 a day (2021 PPP) (% of population),SI.POV.DDAY,2014,6.4
North Macedonia,MKD,Poverty headcount ratio at $3.00 a day (2021 PPP) (% of population),SI.POV.DDAY,2015,7
North Macedonia,MKD,Poverty headcount ratio at $3.00 a day (2021 PPP) (% of population),SI.POV.DDAY,2016,5.7
North Macedonia,MKD,Poverty headcount ratio at $3.00 a day (2021 PPP) (% of population),SI.POV.DDAY,2017,5.6
North Macedonia,MKD,Poverty headcount ratio at $3.00 a day (2021 PPP) (% of population),SI.POV.DDAY,2018,4.3
North Macedonia,MKD,Poverty headcount ratio at $3.00 a day (2021 PPP) (% of population),SI.POV.DDAY,2019,3.9
Norway,NOR,Poverty headcount ratio at $3.00 a day (2021 PPP) (% of population),SI.POV.DDAY,1979,0.3
Norway,NOR,Poverty headcount ratio at $3.00 a day (2021 PPP) (% of population),SI.POV.DDAY,1986,0.2
Norway,NOR,Poverty headcount ratio at $3.00 a day (2021 PPP) (% of population),SI.POV.DDAY,1991,0.4
Norway,NOR,Poverty headcount ratio at $3.00 a day (2021 PPP) (% of population),SI.POV.DDAY,1995,0.4
Norway,NOR,Poverty headcount ratio at $3.00 a day (2021 PPP) (% of population),SI.POV.DDAY,2000,0.3
Norway,NOR,Poverty headcount ratio at $3.00 a day (2021 PPP) (% of population),SI.POV.DDAY,2003,0.2
Norway,NOR,Poverty headcount ratio at $3.00 a day (2021 PPP) (% of population),SI.POV.DDAY,2004,0.3
Norway,NOR,Poverty headcount ratio at $3.00 a day (2021 PPP) (% of population),SI.POV.DDAY,2005,0.2
Norway,NOR,Poverty headcount ratio at $3.00 a day (2021 PPP) (% of population),SI.POV.DDAY,2006,0.2
Norway,NOR,Poverty headcount ratio at $3.00 a day (2021 PPP) (% of population),SI.POV.DDAY,2007,0.2
Norway,NOR,Poverty headcount ratio at $3.00 a day (2021 PPP) (% of population),SI.POV.DDAY,2008,0.2
Norway,NOR,Poverty headcount ratio at $3.00 a day (2021 PPP) (% of population),SI.POV.DDAY,2009,0.1
Norway,NOR,Poverty headcount ratio at $3.00 a day (2021 PPP) (% of population),SI.POV.DDAY,2010,0.2
Norway,NOR,Poverty headcount ratio at $3.00 a day (2021 PPP) (% of population),SI.POV.DDAY,2011,0.1
Norway,NOR,Poverty headcount ratio at $3.00 a day (2021 PPP) (% of population),SI.POV.DDAY,2012,0.1
Norway,NOR,Poverty headcount ratio at $3.00 a day (2021 PPP) (% of population),SI.POV.DDAY,2013,0.2
Norway,NOR,Poverty headcount ratio at $3.00 a day (2021 PPP) (% of population),SI.POV.DDAY,2014,0.1
Norway,NOR,Poverty headcount ratio at $3.00 a day (2021 PPP) (% of population),SI.POV.DDAY,2015,0.2
Norway,NOR,Poverty headcount ratio at $3.00 a day (2021 PPP) (% of population),SI.POV.DDAY,2016,0.3
Norway,NOR,Poverty headcount ratio at $3.00 a day (2021 PPP) (% of population),SI.POV.DDAY,2017,0.3
Norway,NOR,Poverty headcount ratio at $3.00 a day (2021 PPP) (% of population),SI.POV.DDAY,2018,0.3
Norway,NOR,Poverty headcount ratio at $3.00 a day (2021 PPP) (% of population),SI.POV.DDAY,2019,0.2
Norway,NOR,Poverty headcount ratio at $3.00 a day (2021 PPP) (% of population),SI.POV.DDAY,2020,0.3
Norway,NOR,Poverty headcount ratio at $3.00 a day (2021 PPP) (% of population),SI.POV.DDAY,2021,0.2
Norway,NOR,Poverty headcount ratio at $3.00 a day (2021 PPP) (% of population),SI.POV.DDAY,2022,0.3
Norway,NOR,Poverty headcount ratio at $3.00 a day (2021 PPP) (% of population),SI.POV.DDAY,2023,0.2
Pakistan,PAK,Poverty headcount ratio at $3.00 a day (2021 PPP) (% of population),SI.POV.DDAY,1987,80.6
Pakistan,PAK,Poverty headcount ratio at $3.00 a day (2021 PPP) (% of population),SI.POV.DDAY,1990,79.5
Pakistan,PAK,Poverty headcount ratio at $3.00 a day (2021 PPP) (% of population),SI.POV.DDAY,1996,45.3
Pakistan,PAK,Poverty headcount ratio at $3.00 a day (2021 PPP) (% of population),SI.POV.DDAY,1998,50.3
Pakistan,PAK,Poverty headcount ratio at $3.00 a day (2021 PPP) (% of population),SI.POV.DDAY,2001,56.2
Pakistan,PAK,Poverty headcount ratio at $3.00 a day (2021 PPP) (% of population),SI.POV.DDAY,2004,40.9
Pakistan,PAK,Poverty headcount ratio at $3.00 a day (2021 PPP) (% of population),SI.POV.DDAY,2005,40.8
Pakistan,PAK,Poverty headcount ratio at $3.00 a day (2021 PPP) (% of population),SI.POV.DDAY,2007,34.9
Pakistan,PAK,Poverty headcount ratio at $3.00 a day (2021 PPP) (% of population),SI.POV.DDAY,2010,26.7
Pakistan,PAK,Poverty headcount ratio at $3.00 a day (2021 PPP) (% of population),SI.POV.DDAY,2011,25.9
Pakistan,PAK,Poverty headcount ratio at $3.00 a day (2021 PPP) (% of population),SI.POV.DDAY,2013,21.2
Pakistan,PAK,Poverty headcount ratio at $3.00 a day (2021 PPP) (% of population),SI.POV.DDAY,2015,16.9
Pakistan,PAK,Poverty headcount ratio at $3.00 a day (2021 PPP) (% of population),SI.POV.DDAY,2018,16.5
Pakistan,PAK,Poverty headcount ratio at $3.00 a day (2021 PPP) (% of population),SI.POV.DDAY,2024,23
Panama,PAN,Poverty headcount ratio at $3.00 a day (2021 PPP) (% of population),SI.POV.DDAY,1979,15.6
Panama,PAN,Poverty headcount ratio at $3.00 a day (2021 PPP) (% of population),SI.POV.DDAY,1989,29.8
Panama,PAN,Poverty headcount ratio at $3.00 a day (2021 PPP) (% of population),SI.POV.DDAY,1991,27.1
Panama,PAN,Poverty headcount ratio at $3.00 a day (2021 PPP) (% of population),SI.POV.DDAY,1995,21.1
Panama,PAN,Poverty headcount ratio at $3.00 a day (2021 PPP) (% of population),SI.POV.DDAY,1997,19.9
Panama,PAN,Poverty headcount ratio at $3.00 a day (2021 PPP) (% of population),SI.POV.DDAY,1998,19.8
Panama,PAN,Poverty headcount ratio at $3.00 a day (2021 PPP) (% of population),SI.POV.DDAY,1999,17.7
Panama,PAN,Poverty headcount ratio at $3.00 a day (2021 PPP) (% of population),SI.POV.DDAY,2000,16.3
Panama,PAN,Poverty headcount ratio at $3.00 a day (2021 PPP) (% of population),SI.POV.DDAY,2001,20.8
Panama,PAN,Poverty headcount ratio at $3.00 a day (2021 PPP) (% of population),SI.POV.DDAY,2002,17.2
Panama,PAN,Poverty headcount ratio at $3.00 a day (2021 PPP) (% of population),SI.POV.DDAY,2003,16.8
Panama,PAN,Poverty headcount ratio at $3.00 a day (2021 PPP) (% of population),SI.POV.DDAY,2004,15.5
Panama,PAN,Poverty headcount ratio at $3.00 a day (2021 PPP) (% of population),SI.POV.DDAY,2005,14.5
Panama,PAN,Poverty headcount ratio at $3.00 a day (2021 PPP) (% of population),SI.POV.DDAY,2006,15.7
Panama,PAN,Poverty headcount ratio at $3.00 a day (2021 PPP) (% of population),SI.POV.DDAY,2007,13
Panama,PAN,Poverty headcount ratio at $3.00 a day (2021 PPP) (% of population),SI.POV.DDAY,2008,9
Panama,PAN,Poverty headcount ratio at $3.00 a day (2021 PPP) (% of population),SI.POV.DDAY,2009,6.6
Panama,PAN,Poverty headcount ratio at $3.00 a day (2021 PPP) (% of population),SI.POV.DDAY,2010,7.7
Panama,PAN,Poverty headcount ratio at $3.00 a day (2021 PPP) (% of population),SI.POV.DDAY,2011,6.1
Panama,PAN,Poverty headcount ratio at $3.00 a day (2021 PPP) (% of population),SI.POV.DDAY,2012,7.4
Panama,PAN,Poverty headcount ratio at $3.00 a day (2021 PPP) (% of population),SI.POV.DDAY,2013,5.9
Panama,PAN,Poverty headcount ratio at $3.00 a day (2021 PPP) (% of population),SI.POV.DDAY,2014,6.4
Panama,PAN,Poverty headcount ratio at $3.00 a day (2021 PPP) (% of population),SI.POV.DDAY,2015,4.8
Panama,PAN,Poverty headcount ratio at $3.00 a day (2021 PPP) (% of population),SI.POV.DDAY,2016,4.8
Panama,PAN,Poverty headcount ratio at $3.00 a day (2021 PPP) (% of population),SI.POV.DDAY,2017,4.3
Panama,PAN,Poverty headcount ratio at $3.00 a day (2021 PPP) (% of population),SI.POV.DDAY,2018,3.7
Panama,PAN,Poverty headcount ratio at $3.00 a day (2021 PPP) (% of population),SI.POV.DDAY,2019,2.9
Panama,PAN,Poverty headcount ratio at $3.00 a day (2021 PPP) (% of population),SI.POV.DDAY,2021,3.3
Panama,PAN,Poverty headcount ratio at $3.00 a day (2021 PPP) (% of population),SI.POV.DDAY,2023,3.7
Panama,PAN,Poverty headcount ratio at $3.00 a day (2021 PPP) (% of population),SI.POV.DDAY,2024,3.1
Papua New Guinea,PNG,Poverty headcount ratio at $3.00 a day (2021 PPP) (% of population),SI.POV.DDAY,1996,62.8
Papua New Guinea,PNG,Poverty headcount ratio at $3.00 a day (2021 PPP) (% of population),SI.POV.DDAY,2009,52.2
Paraguay,PRY,Poverty headcount ratio at $3.00 a day (2021 PPP) (% of population),SI.POV.DDAY,1990,2.5
Paraguay,PRY,Poverty headcount ratio at $3.00 a day (2021 PPP) (% of population),SI.POV.DDAY,1995,18.3
Paraguay,PRY,Poverty headcount ratio at $3.00 a day (2021 PPP) (% of population),SI.POV.DDAY,1997,14.9
Paraguay,PRY,Poverty headcount ratio at $3.00 a day (2021 PPP) (% of population),SI.POV.DDAY,1999,15
Paraguay,PRY,Poverty headcount ratio at $3.00 a day (2021 PPP) (% of population),SI.POV.DDAY,2001,13.5
Paraguay,PRY,Poverty headcount ratio at $3.00 a day (2021 PPP) (% of population),SI.POV.DDAY,2002,19.6
Paraguay,PRY,Poverty headcount ratio at $3.00 a day (2021 PPP) (% of population),SI.POV.DDAY,2003,13.8
Paraguay,PRY,Poverty headcount ratio at $3.00 a day (2021 PPP) (% of population),SI.POV.DDAY,2004,10.7
Paraguay,PRY,Poverty headcount ratio at $3.00 a day (2021 PPP) (% of population),SI.POV.DDAY,2005,10.1
Paraguay,PRY,Poverty headcount ratio at $3.00 a day (2021 PPP) (% of population),SI.POV.DDAY,2006,14.1
Paraguay,PRY,Poverty headcount ratio at $3.00 a day (2021 PPP) (% of population),SI.POV.DDAY,2007,12.6
Paraguay,PRY,Poverty headcount ratio at $3.00 a day (2021 PPP) (% of population),SI.POV.DDAY,2008,7.9
Paraguay,PRY,Poverty headcount ratio at $3.00 a day (2021 PPP) (% of population),SI.POV.DDAY,2009,9.1
Paraguay,PRY,Poverty headcount ratio at $3.00 a day (2021 PPP) (% of population),SI.POV.DDAY,2010,9.4
Paraguay,PRY,Poverty headcount ratio at $3.00 a day (2021 PPP) (% of population),SI.POV.DDAY,2011,8.9
Paraguay,PRY,Poverty headcount ratio at $3.00 a day (2021 PPP) (% of population),SI.POV.DDAY,2012,6.4
Paraguay,PRY,Poverty headcount ratio at $3.00 a day (2021 PPP) (% of population),SI.POV.DDAY,2013,4.1
Paraguay,PRY,Poverty headcount ratio at $3.00 a day (2021 PPP) (% of population),SI.POV.DDAY,2014,4.3
Paraguay,PRY,Poverty headcount ratio at $3.00 a day (2021 PPP) (% of population),SI.POV.DDAY,2015,4.2
Paraguay,PRY,Poverty headcount ratio at $3.00 a day (2021 PPP) (% of population),SI.POV.DDAY,2016,4.2
Paraguay,PRY,Poverty headcount ratio at $3.00 a day (2021 PPP) (% of population),SI.POV.DDAY,2017,2.4
Paraguay,PRY,Poverty headcount ratio at $3.00 a day (2021 PPP) (% of population),SI.POV.DDAY,2018,3.1
Paraguay,PRY,Poverty headcount ratio at $3.00 a day (2021 PPP) (% of population),SI.POV.DDAY,2019,2.4
Paraguay,PRY,Poverty headcount ratio at $3.00 a day (2021 PPP) (% of population),SI.POV.DDAY,2020,2.6
Paraguay,PRY,Poverty headcount ratio at $3.00 a day (2021 PPP) (% of population),SI.POV.DDAY,2021,1.9
Paraguay,PRY,Poverty headcount ratio at $3.00 a day (2021 PPP) (% of population),SI.POV.DDAY,2022,3.2
Paraguay,PRY,Poverty headcount ratio at $3.00 a day (2021 PPP) (% of population),SI.POV.DDAY,2023,2.4
Paraguay,PRY,Poverty headcount ratio at $3.00 a day (2021 PPP) (% of population),SI.POV.DDAY,2024,2.1
Peru,PER,Poverty headcount ratio at $3.00 a day (2021 PPP) (% of population),SI.POV.DDAY,1985,6.2
Peru,PER,Poverty headcount ratio at $3.00 a day (2021 PPP) (% of population),SI.POV.DDAY,1994,25.7
Peru,PER,Poverty headcount ratio at $3.00 a day (2021 PPP) (% of population),SI.POV.DDAY,1997,26.9
Peru,PER,Poverty headcount ratio at $3.00 a day (2021 PPP) (% of population),SI.POV.DDAY,1998,25.7
Peru,PER,Poverty headcount ratio at $3.00 a day (2021 PPP) (% of population),SI.POV.DDAY,1999,26.3
Peru,PER,Poverty headcount ratio at $3.00 a day (2021 PPP) (% of population),SI.POV.DDAY,2000,25.5
Peru,PER,Poverty headcount ratio at $3.00 a day (2021 PPP) (% of population),SI.POV.DDAY,2001,27.4
Peru,PER,Poverty headcount ratio at $3.00 a day (2021 PPP) (% of population),SI.POV.DDAY,2002,24.4
Peru,PER,Poverty headcount ratio at $3.00 a day (2021 PPP) (% of population),SI.POV.DDAY,2003,22.5
Peru,PER,Poverty headcount ratio at $3.00 a day (2021 PPP) (% of population),SI.POV.DDAY,2004,23.5
Peru,PER,Poverty headcount ratio at $3.00 a day (2021 PPP) (% of population),SI.POV.DDAY,2005,25.4
Peru,PER,Poverty headcount ratio at $3.00 a day (2021 PPP) (% of population),SI.POV.DDAY,2006,21.8
Peru,PER,Poverty headcount ratio at $3.00 a day (2021 PPP) (% of population),SI.POV.DDAY,2007,18.9
Peru,PER,Poverty headcount ratio at $3.00 a day (2021 PPP) (% of population),SI.POV.DDAY,2008,15.8
Peru,PER,Poverty headcount ratio at $3.00 a day (2021 PPP) (% of population),SI.POV.DDAY,2009,13.7
Peru,PER,Poverty headcount ratio at $3.00 a day (2021 PPP) (% of population),SI.POV.DDAY,2010,11.2
Peru,PER,Poverty headcount ratio at $3.00 a day (2021 PPP) (% of population),SI.POV.DDAY,2011,10.3
Peru,PER,Poverty headcount ratio at $3.00 a day (2021 PPP) (% of population),SI.POV.DDAY,2012,9.5
Peru,PER,Poverty headcount ratio at $3.00 a day (2021 PPP) (% of population),SI.POV.DDAY,2013,8.6
Peru,PER,Poverty headcount ratio at $3.00 a day (2021 PPP) (% of population),SI.POV.DDAY,2014,8
Peru,PER,Poverty headcount ratio at $3.00 a day (2021 PPP) (% of population),SI.POV.DDAY,2015,8
Peru,PER,Poverty headcount ratio at $3.00 a day (2021 PPP) (% of population),SI.POV.DDAY,2016,7.5
Peru,PER,Poverty headcount ratio at $3.00 a day (2021 PPP) (% of population),SI.POV.DDAY,2017,7.3
Peru,PER,Poverty headcount ratio at $3.00 a day (2021 PPP) (% of population),SI.POV.DDAY,2018,6.1
Peru,PER,Poverty headcount ratio at $3.00 a day (2021 PPP) (% of population),SI.POV.DDAY,2019,5.4
Peru,PER,Poverty headcount ratio at $3.00 a day (2021 PPP) (% of population),SI.POV.DDAY,2020,10.3
Peru,PER,Poverty headcount ratio at $3.00 a day (2021 PPP) (% of population),SI.POV.DDAY,2021,5.2
Peru,PER,Poverty headcount ratio at $3.00 a day (2021 PPP) (% of population),SI.POV.DDAY,2022,4.8
Peru,PER,Poverty headcount ratio at $3.00 a day (2021 PPP) (% of population),SI.POV.DDAY,2023,5.9
Peru,PER,Poverty headcount ratio at $3.00 a day (2021 PPP) (% of population),SI.POV.DDAY,2024,5.1
Philippines,PHL,Poverty headcount ratio at $3.00 a day (2021 PPP) (% of population),SI.POV.DDAY,1985,43.3
Philippines,PHL,Poverty headcount ratio at $3.00 a day (2021 PPP) (% of population),SI.POV.DDAY,1988,41
Philippines,PHL,Poverty headcount ratio at $3.00 a day (2021 PPP) (% of population),SI.POV.DDAY,1991,40.6
Philippines,PHL,Poverty headcount ratio at $3.00 a day (2021 PPP) (% of population),SI.POV.DDAY,1994,38.8
Philippines,PHL,Poverty headcount ratio at $3.00 a day (2021 PPP) (% of population),SI.POV.DDAY,1997,30.7
Philippines,PHL,Poverty headcount ratio at $3.00 a day (2021 PPP) (% of population),SI.POV.DDAY,2000,25.9
Philippines,PHL,Poverty headcount ratio at $3.00 a day (2021 PPP) (% of population),SI.POV.DDAY,2003,24.3
Philippines,PHL,Poverty headcount ratio at $3.00 a day (2021 PPP) (% of population),SI.POV.DDAY,2006,26.1
Philippines,PHL,Poverty headcount ratio at $3.00 a day (2021 PPP) (% of population),SI.POV.DDAY,2009,22
Philippines,PHL,Poverty headcount ratio at $3.00 a day (2021 PPP) (% of population),SI.POV.DDAY,2012,21.3
Philippines,PHL,Poverty headcount ratio at $3.00 a day (2021 PPP) (% of population),SI.POV.DDAY,2015,14.6
Philippines,PHL,Poverty headcount ratio at $3.00 a day (2021 PPP) (% of population),SI.POV.DDAY,2018,8.3
Philippines,PHL,Poverty headcount ratio at $3.00 a day (2021 PPP) (% of population),SI.POV.DDAY,2021,8.1
Philippines,PHL,Poverty headcount ratio at $3.00 a day (2021 PPP) (% of population),SI.POV.DDAY,2023,5.3
Poland,POL,Poverty headcount ratio at $3.00 a day (2021 PPP) (% of population),SI.POV.DDAY,1986,0.6
Poland,POL,Poverty headcount ratio at $3.00 a day (2021 PPP) (% of population),SI.POV.DDAY,1992,0.2
Poland,POL,Poverty headcount ratio at $3.00 a day (2021 PPP) (% of population),SI.POV.DDAY,1995,2.6
Poland,POL,Poverty headcount ratio at $3.00 a day (2021 PPP) (% of population),SI.POV.DDAY,1996,9
Poland,POL,Poverty headcount ratio at $3.00 a day (2021 PPP) (% of population),SI.POV.DDAY,1998,0.2
Poland,POL,Poverty headcount ratio at $3.00 a day (2021 PPP) (% of population),SI.POV.DDAY,1999,0.9
Poland,POL,Poverty headcount ratio at $3.00 a day (2021 PPP) (% of population),SI.POV.DDAY,2000,0.3
Poland,POL,Poverty headcount ratio at $3.00 a day (2021 PPP) (% of population),SI.POV.DDAY,2001,0.4
Poland,POL,Poverty headcount ratio at $3.00 a day (2021 PPP) (% of population),SI.POV.DDAY,2002,0.3
Poland,POL,Poverty headcount ratio at $3.00 a day (2021 PPP) (% of population),SI.POV.DDAY,2003,0.2
Poland,POL,Poverty headcount ratio at $3.00 a day (2021 PPP) (% of population),SI.POV.DDAY,2004,2.8
Poland,POL,Poverty headcount ratio at $3.00 a day (2021 PPP) (% of population),SI.POV.DDAY,2005,1.4
Poland,POL,Poverty headcount ratio at $3.00 a day (2021 PPP) (% of population),SI.POV.DDAY,2006,0.9
Poland,POL,Poverty headcount ratio at $3.00 a day (2021 PPP) (% of population),SI.POV.DDAY,2007,0.6
Poland,POL,Poverty headcount ratio at $3.00 a day (2021 PPP) (% of population),SI.POV.DDAY,2008,0.3
Poland,POL,Poverty headcount ratio at $3.00 a day (2021 PPP) (% of population),SI.POV.DDAY,2009,0.6
Poland,POL,Poverty headcount ratio at $3.00 a day (2021 PPP) (% of population),SI.POV.DDAY,2010,0.6
Poland,POL,Poverty headcount ratio at $3.00 a day (2021 PPP) (% of population),SI.POV.DDAY,2011,0.6
Poland,POL,Poverty headcount ratio at $3.00 a day (2021 PPP) (% of population),SI.POV.DDAY,2012,0.4
Poland,POL,Poverty headcount ratio at $3.00 a day (2021 PPP) (% of population),SI.POV.DDAY,2013,0.6
Poland,POL,Poverty headcount ratio at $3.00 a day (2021 PPP) (% of population),SI.POV.DDAY,2014,0.6
Poland,POL,Poverty headcount ratio at $3.00 a day (2021 PPP) (% of population),SI.POV.DDAY,2015,0.5
Poland,POL,Poverty headcount ratio at $3.00 a day (2021 PPP) (% of population),SI.POV.DDAY,2016,0.4
Poland,POL,Poverty headcount ratio at $3.00 a day (2021 PPP) (% of population),SI.POV.DDAY,2017,0.4
Poland,POL,Poverty headcount ratio at $3.00 a day (2021 PPP) (% of population),SI.POV.DDAY,2018,0.3
Poland,POL,Poverty headcount ratio at $3.00 a day (2021 PPP) (% of population),SI.POV.DDAY,2019,0.1
Poland,POL,Poverty headcount ratio at $3.00 a day (2021 PPP) (% of population),SI.POV.DDAY,2020,0.2
Poland,POL,Poverty headcount ratio at $3.00 a day (2021 PPP) (% of population),SI.POV.DDAY,2021,0.1
Poland,POL,Poverty headcount ratio at $3.00 a day (2021 PPP) (% of population),SI.POV.DDAY,2022,0.3
Poland,POL,Poverty headcount ratio at $3.00 a day (2021 PPP) (% of population),SI.POV.DDAY,2023,0.2
Portugal,PRT,Poverty headcount ratio at $3.00 a day (2021 PPP) (% of population),SI.POV.DDAY,2003,1.1
Portugal,PRT,Poverty headcount ratio at $3.00 a day (2021 PPP) (% of population),SI.POV.DDAY,2004,0.7
Portugal,PRT,Poverty headcount ratio at $3.00 a day (2021 PPP) (% of population),SI.POV.DDAY,2005,0.7
Portugal,PRT,Poverty headcount ratio at $3.00 a day (2021 PPP) (% of population),SI.POV.DDAY,2006,0.2
Portugal,PRT,Poverty headcount ratio at $3.00 a day (2021 PPP) (% of population),SI.POV.DDAY,2007,0.6
Portugal,PRT,Poverty headcount ratio at $3.00 a day (2021 PPP) (% of population),SI.POV.DDAY,2008,0.3
Portugal,PRT,Poverty headcount ratio at $3.00 a day (2021 PPP) (% of population),SI.POV.DDAY,2009,0.2
Portugal,PRT,Poverty headcount ratio at $3.00 a day (2021 PPP) (% of population),SI.POV.DDAY,2010,0.2
Portugal,PRT,Poverty headcount ratio at $3.00 a day (2021 PPP) (% of population),SI.POV.DDAY,2011,0.6
Portugal,PRT,Poverty headcount ratio at $3.00 a day (2021 PPP) (% of population),SI.POV.DDAY,2012,0.9
Portugal,PRT,Poverty headcount ratio at $3.00 a day (2021 PPP) (% of population),SI.POV.DDAY,2013,1
Portugal,PRT,Poverty headcount ratio at $3.00 a day (2021 PPP) (% of population),SI.POV.DDAY,2014,0.8
Portugal,PRT,Poverty headcount ratio at $3.00 a day (2021 PPP) (% of population),SI.POV.DDAY,2015,0.7
Portugal,PRT,Poverty headcount ratio at $3.00 a day (2021 PPP) (% of population),SI.POV.DDAY,2016,0.4
Portugal,PRT,Poverty headcount ratio at $3.00 a day (2021 PPP) (% of population),SI.POV.DDAY,2017,0.4
Portugal,PRT,Poverty headcount ratio at $3.00 a day (2021 PPP) (% of population),SI.POV.DDAY,2018,0.4
Portugal,PRT,Poverty headcount ratio at $3.00 a day (2021 PPP) (% of population),SI.POV.DDAY,2019,0.2
Portugal,PRT,Poverty headcount ratio at $3.00 a day (2021 PPP) (% of population),SI.POV.DDAY,2020,0.6
Portugal,PRT,Poverty headcount ratio at $3.00 a day (2021 PPP) (% of population),SI.POV.DDAY,2021,0.3
Portugal,PRT,Poverty headcount ratio at $3.00 a day (2021 PPP) (% of population),SI.POV.DDAY,2022,0.2
Portugal,PRT,Poverty headcount ratio at $3.00 a day (2021 PPP) (% of population),SI.POV.DDAY,2023,0.4
Romania,ROU,Poverty headcount ratio at $3.00 a day (2021 PPP) (% of population),SI.POV.DDAY,1994,18.4
Romania,ROU,Poverty headcount ratio at $3.00 a day (2021 PPP) (% of population),SI.POV.DDAY,1995,3.5
Romania,ROU,Poverty headcount ratio at $3.00 a day (2021 PPP) (% of population),SI.POV.DDAY,1997,4.2
Romania,ROU,Poverty headcount ratio at $3.00 a day (2021 PPP) (% of population),SI.POV.DDAY,1998,3.6
Romania,ROU,Poverty headcount ratio at $3.00 a day (2021 PPP) (% of population),SI.POV.DDAY,1999,10.9
Romania,ROU,Poverty headcount ratio at $3.00 a day (2021 PPP) (% of population),SI.POV.DDAY,2000,11.9
Romania,ROU,Poverty headcount ratio at $3.00 a day (2021 PPP) (% of population),SI.POV.DDAY,2001,9.5
Romania,ROU,Poverty headcount ratio at $3.00 a day (2021 PPP) (% of population),SI.POV.DDAY,2002,9.1
Romania,ROU,Poverty headcount ratio at $3.00 a day (2021 PPP) (% of population),SI.POV.DDAY,2003,7
Romania,ROU,Poverty headcount ratio at $3.00 a day (2021 PPP) (% of population),SI.POV.DDAY,2004,5.3
Romania,ROU,Poverty headcount ratio at $3.00 a day (2021 PPP) (% of population),SI.POV.DDAY,2005,4.2
Romania,ROU,Poverty headcount ratio at $3.00 a day (2021 PPP) (% of population),SI.POV.DDAY,2006,11.1
Romania,ROU,Poverty headcount ratio at $3.00 a day (2021 PPP) (% of population),SI.POV.DDAY,2007,8.1
Romania,ROU,Poverty headcount ratio at $3.00 a day (2021 PPP) (% of population),SI.POV.DDAY,2008,6
Romania,ROU,Poverty headcount ratio at $3.00 a day (2021 PPP) (% of population),SI.POV.DDAY,2009,5.3
Romania,ROU,Poverty headcount ratio at $3.00 a day (2021 PPP) (% of population),SI.POV.DDAY,2010,6.3
Romania,ROU,Poverty headcount ratio at $3.00 a day (2021 PPP) (% of population),SI.POV.DDAY,2011,7.1
Romania,ROU,Poverty headcount ratio at $3.00 a day (2021 PPP) (% of population),SI.POV.DDAY,2012,8.4
Romania,ROU,Poverty headcount ratio at $3.00 a day (2021 PPP) (% of population),SI.POV.DDAY,2013,8.7
Romania,ROU,Poverty headcount ratio at $3.00 a day (2021 PPP) (% of population),SI.POV.DDAY,2014,8.9
Romania,ROU,Poverty headcount ratio at $3.00 a day (2021 PPP) (% of population),SI.POV.DDAY,2015,7.6
Romania,ROU,Poverty headcount ratio at $3.00 a day (2021 PPP) (% of population),SI.POV.DDAY,2016,5.2
Romania,ROU,Poverty headcount ratio at $3.00 a day (2021 PPP) (% of population),SI.POV.DDAY,2017,4.9
Romania,ROU,Poverty headcount ratio at $3.00 a day (2021 PPP) (% of population),SI.POV.DDAY,2018,3.7
Romania,ROU,Poverty headcount ratio at $3.00 a day (2021 PPP) (% of population),SI.POV.DDAY,2019,3.1
Romania,ROU,Poverty headcount ratio at $3.00 a day (2021 PPP) (% of population),SI.POV.DDAY,2020,2.4
Romania,ROU,Poverty headcount ratio at $3.00 a day (2021 PPP) (% of population),SI.POV.DDAY,2021,2
Romania,ROU,Poverty headcount ratio at $3.00 a day (2021 PPP) (% of population),SI.POV.DDAY,2022,1.5
Romania,ROU,Poverty headcount ratio at $3.00 a day (2021 PPP) (% of population),SI.POV.DDAY,2023,0.7
Russian Federation,RUS,Poverty headcount ratio at $3.00 a day (2021 PPP) (% of population),SI.POV.DDAY,1993,6.2
Russian Federation,RUS,Poverty headcount ratio at $3.00 a day (2021 PPP) (% of population),SI.POV.DDAY,1996,7.1
Russian Federation,RUS,Poverty headcount ratio at $3.00 a day (2021 PPP) (% of population),SI.POV.DDAY,1997,2.7
Russian Federation,RUS,Poverty headcount ratio at $3.00 a day (2021 PPP) (% of population),SI.POV.DDAY,1998,4
Russian Federation,RUS,Poverty headcount ratio at $3.00 a day (2021 PPP) (% of population),SI.POV.DDAY,1999,7.2
Russian Federation,RUS,Poverty headcount ratio at $3.00 a day (2021 PPP) (% of population),SI.POV.DDAY,2000,5.1
Russian Federation,RUS,Poverty headcount ratio at $3.00 a day (2021 PPP) (% of population),SI.POV.DDAY,2001,3.2
Russian Federation,RUS,Poverty headcount ratio at $3.00 a day (2021 PPP) (% of population),SI.POV.DDAY,2002,2
Russian Federation,RUS,Poverty headcount ratio at $3.00 a day (2021 PPP) (% of population),SI.POV.DDAY,2003,2.1
Russian Federation,RUS,Poverty headcount ratio at $3.00 a day (2021 PPP) (% of population),SI.POV.DDAY,2004,1.8
Russian Federation,RUS,Poverty headcount ratio at $3.00 a day (2021 PPP) (% of population),SI.POV.DDAY,2005,1.4
Russian Federation,RUS,Poverty headcount ratio at $3.00 a day (2021 PPP) (% of population),SI.POV.DDAY,2006,0.9
Russian Federation,RUS,Poverty headcount ratio at $3.00 a day (2021 PPP) (% of population),SI.POV.DDAY,2007,0.4
Russian Federation,RUS,Poverty headcount ratio at $3.00 a day (2021 PPP) (% of population),SI.POV.DDAY,2008,0.2
Russian Federation,RUS,Poverty headcount ratio at $3.00 a day (2021 PPP) (% of population),SI.POV.DDAY,2009,0.2
Russian Federation,RUS,Poverty headcount ratio at $3.00 a day (2021 PPP) (% of population),SI.POV.DDAY,2010,0.2
Russian Federation,RUS,Poverty headcount ratio at $3.00 a day (2021 PPP) (% of population),SI.POV.DDAY,2011,0.1
Russian Federation,RUS,Poverty headcount ratio at $3.00 a day (2021 PPP) (% of population),SI.POV.DDAY,2012,0.1
Russian Federation,RUS,Poverty headcount ratio at $3.00 a day (2021 PPP) (% of population),SI.POV.DDAY,2013,0.1
Russian Federation,RUS,Poverty headcount ratio at $3.00 a day (2021 PPP) (% of population),SI.POV.DDAY,2014,0.4
Russian Federation,RUS,Poverty headcount ratio at $3.00 a day (2021 PPP) (% of population),SI.POV.DDAY,2015,0.4
Russian Federation,RUS,Poverty headcount ratio at $3.00 a day (2021 PPP) (% of population),SI.POV.DDAY,2016,0.4
Russian Federation,RUS,Poverty headcount ratio at $3.00 a day (2021 PPP) (% of population),SI.POV.DDAY,2017,0.4
Russian Federation,RUS,Poverty headcount ratio at $3.00 a day (2021 PPP) (% of population),SI.POV.DDAY,2018,0.2
Russian Federation,RUS,Poverty headcount ratio at $3.00 a day (2021 PPP) (% of population),SI.POV.DDAY,2019,0.3
Russian Federation,RUS,Poverty headcount ratio at $3.00 a day (2021 PPP) (% of population),SI.POV.DDAY,2020,0.1
Russian Federation,RUS,Poverty headcount ratio at $3.00 a day (2021 PPP) (% of population),SI.POV.DDAY,2021,0.2
Russian Federation,RUS,Poverty headcount ratio at $3.00 a day (2021 PPP) (% of population),SI.POV.DDAY,2022,0.1
Russian Federation,RUS,Poverty headcount ratio at $3.00 a day (2021 PPP) (% of population),SI.POV.DDAY,2023,0.1
Rwanda,RWA,Poverty headcount ratio at $3.00 a day (2021 PPP) (% of population),SI.POV.DDAY,2000,82.3
Rwanda,RWA,Poverty headcount ratio at $3.00 a day (2021 PPP) (% of population),SI.POV.DDAY,2005,74.2
Rwanda,RWA,Poverty headcount ratio at $3.00 a day (2021 PPP) (% of population),SI.POV.DDAY,2010,70.2
Rwanda,RWA,Poverty headcount ratio at $3.00 a day (2021 PPP) (% of population),SI.POV.DDAY,2013,65.2
Rwanda,RWA,Poverty headcount ratio at $3.00 a day (2021 PPP) (% of population),SI.POV.DDAY,2016,63.8
Rwanda,RWA,Poverty headcount ratio at $3.00 a day (2021 PPP) (% of population),SI.POV.DDAY,2023,38.6
Samoa,WSM,Poverty headcount ratio at $3.00 a day (2021 PPP) (% of population),SI.POV.DDAY,2002,5.9
Samoa,WSM,Poverty headcount ratio at $3.00 a day (2021 PPP) (% of population),SI.POV.DDAY,2008,3.7
Samoa,WSM,Poverty headcount ratio at $3.00 a day (2021 PPP) (% of population),SI.POV.DDAY,2013,4.5
Sao Tome and Principe,STP,Poverty headcount ratio at $3.00 a day (2021 PPP) (% of population),SI.POV.DDAY,2000,17.3
Sao Tome and Principe,STP,Poverty headcount ratio at $3.00 a day (2021 PPP) (% of population),SI.POV.DDAY,2010,18.9
Sao Tome and Principe,STP,Poverty headcount ratio at $3.00 a day (2021 PPP) (% of population),SI.POV.DDAY,2017,13
Senegal,SEN,Poverty headcount ratio at $3.00 a day (2021 PPP) (% of population),SI.POV.DDAY,1991,77.3
Senegal,SEN,Poverty headcount ratio at $3.00 a day (2021 PPP) (% of population),SI.POV.DDAY,1994,72.2
Senegal,SEN,Poverty headcount ratio at $3.00 a day (2021 PPP) (% of population),SI.POV.DDAY,2001,63.9
Senegal,SEN,Poverty headcount ratio at $3.00 a day (2021 PPP) (% of population),SI.POV.DDAY,2005,53.6
Senegal,SEN,Poverty headcount ratio at $3.00 a day (2021 PPP) (% of population),SI.POV.DDAY,2011,53.3
Senegal,SEN,Poverty headcount ratio at $3.00 a day (2021 PPP) (% of population),SI.POV.DDAY,2018,19.1
Senegal,SEN,Poverty headcount ratio at $3.00 a day (2021 PPP) (% of population),SI.POV.DDAY,2021,17.9
Serbia,SRB,Poverty headcount ratio at $3.00 a day (2021 PPP) (% of population),SI.POV.DDAY,2002,0.4
Serbia,SRB,Poverty headcount ratio at $3.00 a day (2021 PPP) (% of population),SI.POV.DDAY,2003,0.9
Serbia,SRB,Poverty headcount ratio at $3.00 a day (2021 PPP) (% of population),SI.POV.DDAY,2004,1.2
Serbia,SRB,Poverty headcount ratio at $3.00 a day (2021 PPP) (% of population),SI.POV.DDAY,2005,1.6
Serbia,SRB,Poverty headcount ratio at $3.00 a day (2021 PPP) (% of population),SI.POV.DDAY,2006,0.9
Serbia,SRB,Poverty headcount ratio at $3.00 a day (2021 PPP) (% of population),SI.POV.DDAY,2007,0.6
Serbia,SRB,Poverty headcount ratio at $3.00 a day (2021 PPP) (% of population),SI.POV.DDAY,2008,0.3
Serbia,SRB,Poverty headcount ratio at $3.00 a day (2021 PPP) (% of population),SI.POV.DDAY,2009,0.6
Serbia,SRB,Poverty headcount ratio at $3.00 a day (2021 PPP) (% of population),SI.POV.DDAY,2010,0.3
Serbia,SRB,Poverty headcount ratio at $3.00 a day (2021 PPP) (% of population),SI.POV.DDAY,2012,7.1
Serbia,SRB,Poverty headcount ratio at $3.00 a day (2021 PPP) (% of population),SI.POV.DDAY,2013,7.8
Serbia,SRB,Poverty headcount ratio at $3.00 a day (2021 PPP) (% of population),SI.POV.DDAY,2014,8.9
Serbia,SRB,Poverty headcount ratio at $3.00 a day (2021 PPP) (% of population),SI.POV.DDAY,2015,8.4
Serbia,SRB,Poverty headcount ratio at $3.00 a day (2021 PPP) (% of population),SI.POV.DDAY,2016,8.1
Serbia,SRB,Poverty headcount ratio at $3.00 a day (2021 PPP) (% of population),SI.POV.DDAY,2017,6.6
Serbia,SRB,Poverty headcount ratio at $3.00 a day (2021 PPP) (% of population),SI.POV.DDAY,2018,4.2
Serbia,SRB,Poverty headcount ratio at $3.00 a day (2021 PPP) (% of population),SI.POV.DDAY,2019,2.7
Serbia,SRB,Poverty headcount ratio at $3.00 a day (2021 PPP) (% of population),SI.POV.DDAY,2020,2
Serbia,SRB,Poverty headcount ratio at $3.00 a day (2021 PPP) (% of population),SI.POV.DDAY,2021,1.7
Serbia,SRB,Poverty headcount ratio at $3.00 a day (2021 PPP) (% of population),SI.POV.DDAY,2022,2
Serbia,SRB,Poverty headcount ratio at $3.00 a day (2021 PPP) (% of population),SI.POV.DDAY,2023,1.1
Seychelles,SYC,Poverty headcount ratio at $3.00 a day (2021 PPP) (% of population),SI.POV.DDAY,1999,1.8
Seychelles,SYC,Poverty headcount ratio at $3.00 a day (2021 PPP) (% of population),SI.POV.DDAY,2006,0.6
Seychelles,SYC,Poverty headcount ratio at $3.00 a day (2021 PPP) (% of population),SI.POV.DDAY,2013,1.6
Seychelles,SYC,Poverty headcount ratio at $3.00 a day (2021 PPP) (% of population),SI.POV.DDAY,2018,0.7
Sierra Leone,SLE,Poverty headcount ratio at $3.00 a day (2021 PPP) (% of population),SI.POV.DDAY,2003,72.4
Sierra Leone,SLE,Poverty headcount ratio at $3.00 a day (2021 PPP) (% of population),SI.POV.DDAY,2011,53.7
Sierra Leone,SLE,Poverty headcount ratio at $3.00 a day (2021 PPP) (% of population),SI.POV.DDAY,2018,41.5
Slovak Republic,SVK,Poverty headcount ratio at $3.00 a day (2021 PPP) (% of population),SI.POV.DDAY,1992,0.1
Slovak Republic,SVK,Poverty headcount ratio at $3.00 a day (2021 PPP) (% of population),SI.POV.DDAY,1996,1.8
Slovak Republic,SVK,Poverty headcount ratio at $3.00 a day (2021 PPP) (% of population),SI.POV.DDAY,2004,0.2
Slovak Republic,SVK,Poverty headcount ratio at $3.00 a day (2021 PPP) (% of population),SI.POV.DDAY,2005,0.3
Slovak Republic,SVK,Poverty headcount ratio at $3.00 a day (2021 PPP) (% of population),SI.POV.DDAY,2006,0.3
Slovak Republic,SVK,Poverty headcount ratio at $3.00 a day (2021 PPP) (% of population),SI.POV.DDAY,2007,0.6
Slovak Republic,SVK,Poverty headcount ratio at $3.00 a day (2021 PPP) (% of population),SI.POV.DDAY,2008,0.5
Slovak Republic,SVK,Poverty headcount ratio at $3.00 a day (2021 PPP) (% of population),SI.POV.DDAY,2009,0.6
Slovak Republic,SVK,Poverty headcount ratio at $3.00 a day (2021 PPP) (% of population),SI.POV.DDAY,2010,0.6
Slovak Republic,SVK,Poverty headcount ratio at $3.00 a day (2021 PPP) (% of population),SI.POV.DDAY,2011,0.6
Slovak Republic,SVK,Poverty headcount ratio at $3.00 a day (2021 PPP) (% of population),SI.POV.DDAY,2012,0.5
Slovak Republic,SVK,Poverty headcount ratio at $3.00 a day (2021 PPP) (% of population),SI.POV.DDAY,2013,0.4
Slovak Republic,SVK,Poverty headcount ratio at $3.00 a day (2021 PPP) (% of population),SI.POV.DDAY,2014,0.9
Slovak Republic,SVK,Poverty headcount ratio at $3.00 a day (2021 PPP) (% of population),SI.POV.DDAY,2015,0.8
Slovak Republic,SVK,Poverty headcount ratio at $3.00 a day (2021 PPP) (% of population),SI.POV.DDAY,2016,1.5
Slovak Republic,SVK,Poverty headcount ratio at $3.00 a day (2021 PPP) (% of population),SI.POV.DDAY,2017,0.6
Slovak Republic,SVK,Poverty headcount ratio at $3.00 a day (2021 PPP) (% of population),SI.POV.DDAY,2018,0.5
Slovak Republic,SVK,Poverty headcount ratio at $3.00 a day (2021 PPP) (% of population),SI.POV.DDAY,2019,0.2
Slovak Republic,SVK,Poverty headcount ratio at $3.00 a day (2021 PPP) (% of population),SI.POV.DDAY,2020,0.3
Slovak Republic,SVK,Poverty headcount ratio at $3.00 a day (2021 PPP) (% of population),SI.POV.DDAY,2021,0.3
Slovak Republic,SVK,Poverty headcount ratio at $3.00 a day (2021 PPP) (% of population),SI.POV.DDAY,2022,0.7
Slovak Republic,SVK,Poverty headcount ratio at $3.00 a day (2021 PPP) (% of population),SI.POV.DDAY,2023,0.5
Slovenia,SVN,Poverty headcount ratio at $3.00 a day (2021 PPP) (% of population),SI.POV.DDAY,1997,0.1
Slovenia,SVN,Poverty headcount ratio at $3.00 a day (2021 PPP) (% of population),SI.POV.DDAY,1999,0.2
Slovenia,SVN,Poverty headcount ratio at $3.00 a day (2021 PPP) (% of population),SI.POV.DDAY,2002,0.1
Slovenia,SVN,Poverty headcount ratio at $3.00 a day (2021 PPP) (% of population),SI.POV.DDAY,2004,0.1
Slovenia,SVN,Poverty headcount ratio at $3.00 a day (2021 PPP) (% of population),SI.POV.DDAY,2005,0.1
Slovenia,SVN,Poverty headcount ratio at $3.00 a day (2021 PPP) (% of population),SI.POV.DDAY,2006,0.1
Solomon Islands,SLB,Poverty headcount ratio at $3.00 a day (2021 PPP) (% of population),SI.POV.DDAY,2005,62.2
Solomon Islands,SLB,Poverty headcount ratio at $3.00 a day (2021 PPP) (% of population),SI.POV.DDAY,2012,40.3
South Africa,ZAF,Poverty headcount ratio at $3.00 a day (2021 PPP) (% of population),SI.POV.DDAY,1993,44.6
South Africa,ZAF,Poverty headcount ratio at $3.00 a day (2021 PPP) (% of population),SI.POV.DDAY,2000,47.9
South Africa,ZAF,Poverty headcount ratio at $3.00 a day (2021 PPP) (% of population),SI.POV.DDAY,2005,40.7
South Africa,ZAF,Poverty headcount ratio at $3.00 a day (2021 PPP) (% of population),SI.POV.DDAY,2008,37
South Africa,ZAF,Poverty headcount ratio at $3.00 a day (2021 PPP) (% of population),SI.POV.DDAY,2010,27.8
South Africa,ZAF,Poverty headcount ratio at $3.00 a day (2021 PPP) (% of population),SI.POV.DDAY,2014,27.9
South Africa,ZAF,Poverty headcount ratio at $3.00 a day (2021 PPP) (% of population),SI.POV.DDAY,2022,17.4
South Asia,SAS,Poverty headcount ratio at $3.00 a day (2021 PPP) (% of population),SI.POV.DDAY,1981,55.9
South Asia,SAS,Poverty headcount ratio at $3.00 a day (2021 PPP) (% of population),SI.POV.DDAY,1982,54.2
South Asia,SAS,Poverty headcount ratio at $3.00 a day (2021 PPP) (% of population),SI.POV.DDAY,1983,50.9
South Asia,SAS,Poverty headcount ratio at $3.00 a day (2021 PPP) (% of population),SI.POV.DDAY,1984,50.7
South Asia,SAS,Poverty headcount ratio at $3.00 a day (2021 PPP) (% of population),SI.POV.DDAY,1985,50.6
South Asia,SAS,Poverty headcount ratio at $3.00 a day (2021 PPP) (% of population),SI.POV.DDAY,1986,50.7
South Asia,SAS,Poverty headcount ratio at $3.00 a day (2021 PPP) (% of population),SI.POV.DDAY,1987,51.3
South Asia,SAS,Poverty headcount ratio at $3.00 a day (2021 PPP) (% of population),SI.POV.DDAY,1988,51.1
South Asia,SAS,Poverty headcount ratio at $3.00 a day (2021 PPP) (% of population),SI.POV.DDAY,1989,50.4
South Asia,SAS,Poverty headcount ratio at $3.00 a day (2021 PPP) (% of population),SI.POV.DDAY,1990,49.7
South Asia,SAS,Poverty headcount ratio at $3.00 a day (2021 PPP) (% of population),SI.POV.DDAY,1991,49.6
South Asia,SAS,Poverty headcount ratio at $3.00 a day (2021 PPP) (% of population),SI.POV.DDAY,1992,48.9
South Asia,SAS,Poverty headcount ratio at $3.00 a day (2021 PPP) (% of population),SI.POV.DDAY,1993,48.1
South Asia,SAS,Poverty headcount ratio at $3.00 a day (2021 PPP) (% of population),SI.POV.DDAY,1994,47.4
South Asia,SAS,Poverty headcount ratio at $3.00 a day (2021 PPP) (% of population),SI.POV.DDAY,1995,47.1
South Asia,SAS,Poverty headcount ratio at $3.00 a day (2021 PPP) (% of population),SI.POV.DDAY,1996,46.8
South Asia,SAS,Poverty headcount ratio at $3.00 a day (2021 PPP) (% of population),SI.POV.DDAY,2002,46
South Asia,SAS,Poverty headcount ratio at $3.00 a day (2021 PPP) (% of population),SI.POV.DDAY,2003,45.6
South Asia,SAS,Poverty headcount ratio at $3.00 a day (2021 PPP) (% of population),SI.POV.DDAY,2004,45
South Asia,SAS,Poverty headcount ratio at $3.00 a day (2021 PPP) (% of population),SI.POV.DDAY,2005,43.3
South Asia,SAS,Poverty headcount ratio at $3.00 a day (2021 PPP) (% of population),SI.POV.DDAY,2006,40.7
South Asia,SAS,Poverty headcount ratio at $3.00 a day (2021 PPP) (% of population),SI.POV.DDAY,2007,38.1
South Asia,SAS,Poverty headcount ratio at $3.00 a day (2021 PPP) (% of population),SI.POV.DDAY,2008,36.8
South Asia,SAS,Poverty headcount ratio at $3.00 a day (2021 PPP) (% of population),SI.POV.DDAY,2009,34.6
South Asia,SAS,Poverty headcount ratio at $3.00 a day (2021 PPP) (% of population),SI.POV.DDAY,2010,30.4
South Asia,SAS,Poverty headcount ratio at $3.00 a day (2021 PPP) (% of population),SI.POV.DDAY,2011,27.6
South Asia,SAS,Poverty headcount ratio at $3.00 a day (2021 PPP) (% of population),SI.POV.DDAY,2012,25.2
South Asia,SAS,Poverty headcount ratio at $3.00 a day (2021 PPP) (% of population),SI.POV.DDAY,2013,22.8
South Asia,SAS,Poverty headcount ratio at $3.00 a day (2021 PPP) (% of population),SI.POV.DDAY,2014,20
South Asia,SAS,Poverty headcount ratio at $3.00 a day (2021 PPP) (% of population),SI.POV.DDAY,2020,9.4
South Asia,SAS,Poverty headcount ratio at $3.00 a day (2021 PPP) (% of population),SI.POV.DDAY,2021,7.9
South Asia,SAS,Poverty headcount ratio at $3.00 a day (2021 PPP) (% of population),SI.POV.DDAY,2022,6.1
South Asia,SAS,Poverty headcount ratio at $3.00 a day (2021 PPP) (% of population),SI.POV.DDAY,2023,4.7
South Asia,SAS,Poverty headcount ratio at $3.00 a day (2021 PPP) (% of population),SI.POV.DDAY,2024,3.8
South Sudan,SSD,Poverty headcount ratio at $3.00 a day (2021 PPP) (% of population),SI.POV.DDAY,2009,44.9
South Sudan,SSD,Poverty headcount ratio at $3.00 a day (2021 PPP) (% of population),SI.POV.DDAY,2016,76.5
Spain,ESP,Poverty headcount ratio at $3.00 a day (2021 PPP) (% of population),SI.POV.DDAY,1980,0.8
Spain,ESP,Poverty headcount ratio at $3.00 a day (2021 PPP) (% of population),SI.POV.DDAY,1985,0.5
Spain,ESP,Poverty headcount ratio at $3.00 a day (2021 PPP) (% of population),SI.POV.DDAY,1990,0.6
Spain,ESP,Poverty headcount ratio at $3.00 a day (2021 PPP) (% of population),SI.POV.DDAY,1993,1.4
Spain,ESP,Poverty headcount ratio at $3.00 a day (2021 PPP) (% of population),SI.POV.DDAY,1994,1.3
Spain,ESP,Poverty headcount ratio at $3.00 a day (2021 PPP) (% of population),SI.POV.DDAY,1995,1.6
Spain,ESP,Poverty headcount ratio at $3.00 a day (2021 PPP) (% of population),SI.POV.DDAY,1996,1.6
Spain,ESP,Poverty headcount ratio at $3.00 a day (2021 PPP) (% of population),SI.POV.DDAY,1997,1
Spain,ESP,Poverty headcount ratio at $3.00 a day (2021 PPP) (% of population),SI.POV.DDAY,1998,1.1
Spain,ESP,Poverty headcount ratio at $3.00 a day (2021 PPP) (% of population),SI.POV.DDAY,1999,0.7
Spain,ESP,Poverty headcount ratio at $3.00 a day (2021 PPP) (% of population),SI.POV.DDAY,2000,0.9
Spain,ESP,Poverty headcount ratio at $3.00 a day (2021 PPP) (% of population),SI.POV.DDAY,2003,0.9
Spain,ESP,Poverty headcount ratio at $3.00 a day (2021 PPP) (% of population),SI.POV.DDAY,2004,1
Spain,ESP,Poverty headcount ratio at $3.00 a day (2021 PPP) (% of population),SI.POV.DDAY,2005,0.9
Spain,ESP,Poverty headcount ratio at $3.00 a day (2021 PPP) (% of population),SI.POV.DDAY,2006,0.9
Spain,ESP,Poverty headcount ratio at $3.00 a day (2021 PPP) (% of population),SI.POV.DDAY,2007,0.6
Spain,ESP,Poverty headcount ratio at $3.00 a day (2021 PPP) (% of population),SI.POV.DDAY,2008,0.6
Spain,ESP,Poverty headcount ratio at $3.00 a day (2021 PPP) (% of population),SI.POV.DDAY,2009,0.9
Spain,ESP,Poverty headcount ratio at $3.00 a day (2021 PPP) (% of population),SI.POV.DDAY,2010,0.7
Spain,ESP,Poverty headcount ratio at $3.00 a day (2021 PPP) (% of population),SI.POV.DDAY,2011,1.3
Spain,ESP,Poverty headcount ratio at $3.00 a day (2021 PPP) (% of population),SI.POV.DDAY,2012,1
Spain,ESP,Poverty headcount ratio at $3.00 a day (2021 PPP) (% of population),SI.POV.DDAY,2013,1.3
Spain,ESP,Poverty headcount ratio at $3.00 a day (2021 PPP) (% of population),SI.POV.DDAY,2014,0.9
Spain,ESP,Poverty headcount ratio at $3.00 a day (2021 PPP) (% of population),SI.POV.DDAY,2015,1.1
Spain,ESP,Poverty headcount ratio at $3.00 a day (2021 PPP) (% of population),SI.POV.DDAY,2016,1.3
Spain,ESP,Poverty headcount ratio at $3.00 a day (2021 PPP) (% of population),SI.POV.DDAY,2017,0.8
Spain,ESP,Poverty headcount ratio at $3.00 a day (2021 PPP) (% of population),SI.POV.DDAY,2018,1
Spain,ESP,Poverty headcount ratio at $3.00 a day (2021 PPP) (% of population),SI.POV.DDAY,2019,0.9
Spain,ESP,Poverty headcount ratio at $3.00 a day (2021 PPP) (% of population),SI.POV.DDAY,2020,1.1
Spain,ESP,Poverty headcount ratio at $3.00 a day (2021 PPP) (% of population),SI.POV.DDAY,2021,0.7
Spain,ESP,Poverty headcount ratio at $3.00 a day (2021 PPP) (% of population),SI.POV.DDAY,2022,0.8
Spain,ESP,Poverty headcount ratio at $3.00 a day (2021 PPP) (% of population),SI.POV.DDAY,2023,0.8
Sri Lanka,LKA,Poverty headcount ratio at $3.00 a day (2021 PPP) (% of population),SI.POV.DDAY,1985,28.2
Sri Lanka,LKA,Poverty headcount ratio at $3.00 a day (2021 PPP) (% of population),SI.POV.DDAY,1990,23.4
Sri Lanka,LKA,Poverty headcount ratio at $3.00 a day (2021 PPP) (% of population),SI.POV.DDAY,1995,23
Sri Lanka,LKA,Poverty headcount ratio at $3.00 a day (2021 PPP) (% of population),SI.POV.DDAY,2002,20.7
Sri Lanka,LKA,Poverty headcount ratio at $3.00 a day (2021 PPP) (% of population),SI.POV.DDAY,2006,12.2
Sri Lanka,LKA,Poverty headcount ratio at $3.00 a day (2021 PPP) (% of population),SI.POV.DDAY,2009,7.8
Sri Lanka,LKA,Poverty headcount ratio at $3.00 a day (2021 PPP) (% of population),SI.POV.DDAY,2012,6.4
Sri Lanka,LKA,Poverty headcount ratio at $3.00 a day (2021 PPP) (% of population),SI.POV.DDAY,2016,3.8
Sri Lanka,LKA,Poverty headcount ratio at $3.00 a day (2021 PPP) (% of population),SI.POV.DDAY,2019,2.7
St. Lucia,LCA,Poverty headcount ratio at $3.00 a day (2021 PPP) (% of population),SI.POV.DDAY,1995,41.5
St. Lucia,LCA,Poverty headcount ratio at $3.00 a day (2021 PPP) (% of population),SI.POV.DDAY,2015,0.1
Sub-Saharan Africa,SSF,Poverty headcount ratio at $3.00 a day (2021 PPP) (% of population),SI.POV.DDAY,1990,61.5
Sub-Saharan Africa,SSF,Poverty headcount ratio at $3.00 a day (2021 PPP) (% of population),SI.POV.DDAY,1991,62.8
Sub-Saharan Africa,SSF,Poverty headcount ratio at $3.00 a day (2021 PPP) (% of population),SI.POV.DDAY,1992,63.8
Sub-Saharan Africa,SSF,Poverty headcount ratio at $3.00 a day (2021 PPP) (% of population),SI.POV.DDAY,1993,64.5
Sub-Saharan Africa,SSF,Poverty headcount ratio at $3.00 a day (2021 PPP) (% of population),SI.POV.DDAY,1994,64.6
Sub-Saharan Africa,SSF,Poverty headcount ratio at $3.00 a day (2021 PPP) (% of population),SI.POV.DDAY,1995,64.4
Sub-Saharan Africa,SSF,Poverty headcount ratio at $3.00 a day (2021 PPP) (% of population),SI.POV.DDAY,1996,63.9
Sub-Saharan Africa,SSF,Poverty headcount ratio at $3.00 a day (2021 PPP) (% of population),SI.POV.DDAY,1997,63.5
Sub-Saharan Africa,SSF,Poverty headcount ratio at $3.00 a day (2021 PPP) (% of population),SI.POV.DDAY,1998,63.4
Sub-Saharan Africa,SSF,Poverty headcount ratio at $3.00 a day (2021 PPP) (% of population),SI.POV.DDAY,1999,63.1
Sub-Saharan Africa,SSF,Poverty headcount ratio at $3.00 a day (2021 PPP) (% of population),SI.POV.DDAY,2000,62.4
Sub-Saharan Africa,SSF,Poverty headcount ratio at $3.00 a day (2021 PPP) (% of population),SI.POV.DDAY,2001,61.2
Sub-Saharan Africa,SSF,Poverty headcount ratio at $3.00 a day (2021 PPP) (% of population),SI.POV.DDAY,2002,60.8
Sub-Saharan Africa,SSF,Poverty headcount ratio at $3.00 a day (2021 PPP) (% of population),SI.POV.DDAY,2003,59.9
Sub-Saharan Africa,SSF,Poverty headcount ratio at $3.00 a day (2021 PPP) (% of population),SI.POV.DDAY,2004,56.9
Sub-Saharan Africa,SSF,Poverty headcount ratio at $3.00 a day (2021 PPP) (% of population),SI.POV.DDAY,2005,55.4
Sub-Saharan Africa,SSF,Poverty headcount ratio at $3.00 a day (2021 PPP) (% of population),SI.POV.DDAY,2006,54.3
Sub-Saharan Africa,SSF,Poverty headcount ratio at $3.00 a day (2021 PPP) (% of population),SI.POV.DDAY,2007,53.1
Sub-Saharan Africa,SSF,Poverty headcount ratio at $3.00 a day (2021 PPP) (% of population),SI.POV.DDAY,2008,51.9
Sub-Saharan Africa,SSF,Poverty headcount ratio at $3.00 a day (2021 PPP) (% of population),SI.POV.DDAY,2009,51.4
Sub-Saharan Africa,SSF,Poverty headcount ratio at $3.00 a day (2021 PPP) (% of population),SI.POV.DDAY,2010,49.4
Sub-Saharan Africa,SSF,Poverty headcount ratio at $3.00 a day (2021 PPP) (% of population),SI.POV.DDAY,2011,48.4
Sub-Saharan Africa,SSF,Poverty headcount ratio at $3.00 a day (2021 PPP) (% of population),SI.POV.DDAY,2012,47.2
Sub-Saharan Africa,SSF,Poverty headcount ratio at $3.00 a day (2021 PPP) (% of population),SI.POV.DDAY,2013,46.1
Sub-Saharan Africa,SSF,Poverty headcount ratio at $3.00 a day (2021 PPP) (% of population),SI.POV.DDAY,2014,45.3
Sub-Saharan Africa,SSF,Poverty headcount ratio at $3.00 a day (2021 PPP) (% of population),SI.POV.DDAY,2015,45.4
Sub-Saharan Africa,SSF,Poverty headcount ratio at $3.00 a day (2021 PPP) (% of population),SI.POV.DDAY,2016,45.1
Sub-Saharan Africa,SSF,Poverty headcount ratio at $3.00 a day (2021 PPP) (% of population),SI.POV.DDAY,2017,44.6
Sub-Saharan Africa,SSF,Poverty headcount ratio at $3.00 a day (2021 PPP) (% of population),SI.POV.DDAY,2018,44.1
Sub-Saharan Africa,SSF,Poverty headcount ratio at $3.00 a day (2021 PPP) (% of population),SI.POV.DDAY,2019,43.9
Sub-Saharan Africa,SSF,Poverty headcount ratio at $3.00 a day (2021 PPP) (% of population),SI.POV.DDAY,2020,46
Sub-Saharan Africa,SSF,Poverty headcount ratio at $3.00 a day (2021 PPP) (% of population),SI.POV.DDAY,2021,46.2
Sub-Saharan Africa,SSF,Poverty headcount ratio at $3.00 a day (2021 PPP) (% of population),SI.POV.DDAY,2022,45.7
Sub-Saharan Africa,SSF,Poverty headcount ratio at $3.00 a day (2021 PPP) (% of population),SI.POV.DDAY,2023,45.6
Sub-Saharan Africa,SSF,Poverty headcount ratio at $3.00 a day (2021 PPP) (% of population),SI.POV.DDAY,2024,45.1
Sudan,SDN,Poverty headcount ratio at $3.00 a day (2021 PPP) (% of population),SI.POV.DDAY,2009,13.1
Sudan,SDN,Poverty headcount ratio at $3.00 a day (2021 PPP) (% of population),SI.POV.DDAY,2014,10.1
Suriname,SUR,Poverty headcount ratio at $3.00 a day (2021 PPP) (% of population),SI.POV.DDAY,1999,20.6
Suriname,SUR,Poverty headcount ratio at $3.00 a day (2021 PPP) (% of population),SI.POV.DDAY,2022,2.2
Sweden,SWE,Poverty headcount ratio at $3.00 a day (2021 PPP) (% of population),SI.POV.DDAY,1975,0.5
Sweden,SWE,Poverty headcount ratio at $3.00 a day (2021 PPP) (% of population),SI.POV.DDAY,1981,0.4
Sweden,SWE,Poverty headcount ratio at $3.00 a day (2021 PPP) (% of population),SI.POV.DDAY,1987,0.2
Sweden,SWE,Poverty headcount ratio at $3.00 a day (2021 PPP) (% of population),SI.POV.DDAY,1992,0.2
Sweden,SWE,Poverty headcount ratio at $3.00 a day (2021 PPP) (% of population),SI.POV.DDAY,1995,0.5
Sweden,SWE,Poverty headcount ratio at $3.00 a day (2021 PPP) (% of population),SI.POV.DDAY,2000,0.1
Sweden,SWE,Poverty headcount ratio at $3.00 a day (2021 PPP) (% of population),SI.POV.DDAY,2001,0.2
Sweden,SWE,Poverty headcount ratio at $3.00 a day (2021 PPP) (% of population),SI.POV.DDAY,2002,0.1
Sweden,SWE,Poverty headcount ratio at $3.00 a day (2021 PPP) (% of population),SI.POV.DDAY,2003,0.4
Sweden,SWE,Poverty headcount ratio at $3.00 a day (2021 PPP) (% of population),SI.POV.DDAY,2004,0.5
Sweden,SWE,Poverty headcount ratio at $3.00 a day (2021 PPP) (% of population),SI.POV.DDAY,2005,1.1
Sweden,SWE,Poverty headcount ratio at $3.00 a day (2021 PPP) (% of population),SI.POV.DDAY,2006,0.4
Sweden,SWE,Poverty headcount ratio at $3.00 a day (2021 PPP) (% of population),SI.POV.DDAY,2007,0.5
Sweden,SWE,Poverty headcount ratio at $3.00 a day (2021 PPP) (% of population),SI.POV.DDAY,2008,0.7
Sweden,SWE,Poverty headcount ratio at $3.00 a day (2021 PPP) (% of population),SI.POV.DDAY,2009,0.5
Sweden,SWE,Poverty headcount ratio at $3.00 a day (2021 PPP) (% of population),SI.POV.DDAY,2010,0.6
Sweden,SWE,Poverty headcount ratio at $3.00 a day (2021 PPP) (% of population),SI.POV.DDAY,2011,0.7
Sweden,SWE,Poverty headcount ratio at $3.00 a day (2021 PPP) (% of population),SI.POV.DDAY,2012,0.5
Sweden,SWE,Poverty headcount ratio at $3.00 a day (2021 PPP) (% of population),SI.POV.DDAY,2013,0.7
Sweden,SWE,Poverty headcount ratio at $3.00 a day (2021 PPP) (% of population),SI.POV.DDAY,2014,0.5
Sweden,SWE,Poverty headcount ratio at $3.00 a day (2021 PPP) (% of population),SI.POV.DDAY,2015,0.6
Sweden,SWE,Poverty headcount ratio at $3.00 a day (2021 PPP) (% of population),SI.POV.DDAY,2016,0.4
Sweden,SWE,Poverty headcount ratio at $3.00 a day (2021 PPP) (% of population),SI.POV.DDAY,2017,0.3
Sweden,SWE,Poverty headcount ratio at $3.00 a day (2021 PPP) (% of population),SI.POV.DDAY,2018,0.9
Sweden,SWE,Poverty headcount ratio at $3.00 a day (2021 PPP) (% of population),SI.POV.DDAY,2019,0.4
Sweden,SWE,Poverty headcount ratio at $3.00 a day (2021 PPP) (% of population),SI.POV.DDAY,2020,0.5
Sweden,SWE,Poverty headcount ratio at $3.00 a day (2021 PPP) (% of population),SI.POV.DDAY,2021,0.6
Sweden,SWE,Poverty headcount ratio at $3.00 a day (2021 PPP) (% of population),SI.POV.DDAY,2022,1.3
Sweden,SWE,Poverty headcount ratio at $3.00 a day (2021 PPP) (% of population),SI.POV.DDAY,2023,0.8
Switzerland,CHE,Poverty headcount ratio at $3.00 a day (2021 PPP) (% of population),SI.POV.DDAY,1982,0.7
Switzerland,CHE,Poverty headcount ratio at $3.00 a day (2021 PPP) (% of population),SI.POV.DDAY,1992,0.6
Switzerland,CHE,Poverty headcount ratio at $3.00 a day (2021 PPP) (% of population),SI.POV.DDAY,2000,0.1
Switzerland,CHE,Poverty headcount ratio at $3.00 a day (2021 PPP) (% of population),SI.POV.DDAY,2004,0.1
Switzerland,CHE,Poverty headcount ratio at $3.00 a day (2021 PPP) (% of population),SI.POV.DDAY,2006,0.1
Switzerland,CHE,Poverty headcount ratio at $3.00 a day (2021 PPP) (% of population),SI.POV.DDAY,2007,0.1
Switzerland,CHE,Poverty headcount ratio at $3.00 a day (2021 PPP) (% of population),SI.POV.DDAY,2008,0.1
Switzerland,CHE,Poverty headcount ratio at $3.00 a day (2021 PPP) (% of population),SI.POV.DDAY,2010,0.1
Switzerland,CHE,Poverty headcount ratio at $3.00 a day (2021 PPP) (% of population),SI.POV.DDAY,2020,0.1
Switzerland,CHE,Poverty headcount ratio at $3.00 a day (2021 PPP) (% of population),SI.POV.DDAY,2022,0.2
Syrian Arab Republic,SYR,Poverty headcount ratio at $3.00 a day (2021 PPP) (% of population),SI.POV.DDAY,1996,1.2
Syrian Arab Republic,SYR,Poverty headcount ratio at $3.00 a day (2021 PPP) (% of population),SI.POV.DDAY,2003,0.5
Syrian Arab Republic,SYR,Poverty headcount ratio at $3.00 a day (2021 PPP) (% of population),SI.POV.DDAY,2022,18
Tajikistan,TJK,Poverty headcount ratio at $3.00 a day (2021 PPP) (% of population),SI.POV.DDAY,1999,79.4
Tajikistan,TJK,Poverty headcount ratio at $3.00 a day (2021 PPP) (% of population),SI.POV.DDAY,2003,56
Tajikistan,TJK,Poverty headcount ratio at $3.00 a day (2021 PPP) (% of population),SI.POV.DDAY,2004,37.2
Tajikistan,TJK,Poverty headcount ratio at $3.00 a day (2021 PPP) (% of population),SI.POV.DDAY,2007,24.2
Tajikistan,TJK,Poverty headcount ratio at $3.00 a day (2021 PPP) (% of population),SI.POV.DDAY,2009,15.7
Tajikistan,TJK,Poverty headcount ratio at $3.00 a day (2021 PPP) (% of population),SI.POV.DDAY,2015,13.3
Tajikistan,TJK,Poverty headcount ratio at $3.00 a day (2021 PPP) (% of population),SI.POV.DDAY,2021,9.1
Tajikistan,TJK,Poverty headcount ratio at $3.00 a day (2021 PPP) (% of population),SI.POV.DDAY,2022,8.9
Tajikistan,TJK,Poverty headcount ratio at $3.00 a day (2021 PPP) (% of population),SI.POV.DDAY,2023,7.3
Tajikistan,TJK,Poverty headcount ratio at $3.00 a day (2021 PPP) (% of population),SI.POV.DDAY,2024,6.1
Tanzania,TZA,Poverty headcount ratio at $3.00 a day (2021 PPP) (% of population),SI.POV.DDAY,1991,73.5
Tanzania,TZA,Poverty headcount ratio at $3.00 a day (2021 PPP) (% of population),SI.POV.DDAY,2000,86.9
Tanzania,TZA,Poverty headcount ratio at $3.00 a day (2021 PPP) (% of population),SI.POV.DDAY,2007,61.9
Tanzania,TZA,Poverty headcount ratio at $3.00 a day (2021 PPP) (% of population),SI.POV.DDAY,2011,51.5
Tanzania,TZA,Poverty headcount ratio at $3.00 a day (2021 PPP) (% of population),SI.POV.DDAY,2018,51.3
Thailand,THA,Poverty headcount ratio at $3.00 a day (2021 PPP) (% of population),SI.POV.DDAY,1981,31
Thailand,THA,Poverty headcount ratio at $3.00 a day (2021 PPP) (% of population),SI.POV.DDAY,1988,26.7
Thailand,THA,Poverty headcount ratio at $3.00 a day (2021 PPP) (% of population),SI.POV.DDAY,1990,21.1
Thailand,THA,Poverty headcount ratio at $3.00 a day (2021 PPP) (% of population),SI.POV.DDAY,1992,16.2
Thailand,THA,Poverty headcount ratio at $3.00 a day (2021 PPP) (% of population),SI.POV.DDAY,1994,9.2
Thailand,THA,Poverty headcount ratio at $3.00 a day (2021 PPP) (% of population),SI.POV.DDAY,1996,6.4
Thailand,THA,Poverty headcount ratio at $3.00 a day (2021 PPP) (% of population),SI.POV.DDAY,1998,5.7
Thailand,THA,Poverty headcount ratio at $3.00 a day (2021 PPP) (% of population),SI.POV.DDAY,1999,8.3
Thailand,THA,Poverty headcount ratio at $3.00 a day (2021 PPP) (% of population),SI.POV.DDAY,2000,8.4
Thailand,THA,Poverty headcount ratio at $3.00 a day (2021 PPP) (% of population),SI.POV.DDAY,2002,4.7
Thailand,THA,Poverty headcount ratio at $3.00 a day (2021 PPP) (% of population),SI.POV.DDAY,2004,3.1
Thailand,THA,Poverty headcount ratio at $3.00 a day (2021 PPP) (% of population),SI.POV.DDAY,2006,2.2
Thailand,THA,Poverty headcount ratio at $3.00 a day (2021 PPP) (% of population),SI.POV.DDAY,2007,1.3
Thailand,THA,Poverty headcount ratio at $3.00 a day (2021 PPP) (% of population),SI.POV.DDAY,2008,1
Thailand,THA,Poverty headcount ratio at $3.00 a day (2021 PPP) (% of population),SI.POV.DDAY,2009,0.8
Thailand,THA,Poverty headcount ratio at $3.00 a day (2021 PPP) (% of population),SI.POV.DDAY,2010,0.7
Thailand,THA,Poverty headcount ratio at $3.00 a day (2021 PPP) (% of population),SI.POV.DDAY,2011,0.3
Thailand,THA,Poverty headcount ratio at $3.00 a day (2021 PPP) (% of population),SI.POV.DDAY,2012,0.4
Thailand,THA,Poverty headcount ratio at $3.00 a day (2021 PPP) (% of population),SI.POV.DDAY,2013,0.2
Thailand,THA,Poverty headcount ratio at $3.00 a day (2021 PPP) (% of population),SI.POV.DDAY,2014,0.2
Thailand,THA,Poverty headcount ratio at $3.00 a day (2021 PPP) (% of population),SI.POV.DDAY,2015,0.1
Thailand,THA,Poverty headcount ratio at $3.00 a day (2021 PPP) (% of population),SI.POV.DDAY,2016,0.1
Thailand,THA,Poverty headcount ratio at $3.00 a day (2021 PPP) (% of population),SI.POV.DDAY,2017,0.1
Thailand,THA,Poverty headcount ratio at $3.00 a day (2021 PPP) (% of population),SI.POV.DDAY,2018,0.1
Thailand,THA,Poverty headcount ratio at $3.00 a day (2021 PPP) (% of population),SI.POV.DDAY,2019,0.1
Thailand,THA,Poverty headcount ratio at $3.00 a day (2021 PPP) (% of population),SI.POV.DDAY,2020,0.1
Timor-Leste,TLS,Poverty headcount ratio at $3.00 a day (2021 PPP) (% of population),SI.POV.DDAY,2001,55.7
Timor-Leste,TLS,Poverty headcount ratio at $3.00 a day (2021 PPP) (% of population),SI.POV.DDAY,2007,60.1
Timor-Leste,TLS,Poverty headcount ratio at $3.00 a day (2021 PPP) (% of population),SI.POV.DDAY,2014,44
Togo,TGO,Poverty headcount ratio at $3.00 a day (2021 PPP) (% of population),SI.POV.DDAY,2006,67.6
Togo,TGO,Poverty headcount ratio at $3.00 a day (2021 PPP) (% of population),SI.POV.DDAY,2011,65.5
Togo,TGO,Poverty headcount ratio at $3.00 a day (2021 PPP) (% of population),SI.POV.DDAY,2015,61.7
Togo,TGO,Poverty headcount ratio at $3.00 a day (2021 PPP) (% of population),SI.POV.DDAY,2018,35.3
Togo,TGO,Poverty headcount ratio at $3.00 a day (2021 PPP) (% of population),SI.POV.DDAY,2021,34.7
Tonga,TON,Poverty headcount ratio at $3.00 a day (2021 PPP) (% of population),SI.POV.DDAY,2000,4.6
Tonga,TON,Poverty headcount ratio at $3.00 a day (2021 PPP) (% of population),SI.POV.DDAY,2009,3.6
Tonga,TON,Poverty headcount ratio at $3.00 a day (2021 PPP) (% of population),SI.POV.DDAY,2015,4
Tonga,TON,Poverty headcount ratio at $3.00 a day (2021 PPP) (% of population),SI.POV.DDAY,2021,0.4
Trinidad and Tobago,TTO,Poverty headcount ratio at $3.00 a day (2021 PPP) (% of population),SI.POV.DDAY,1988,0.6
Trinidad and Tobago,TTO,Poverty headcount ratio at $3.00 a day (2021 PPP) (% of population),SI.POV.DDAY,1992,3.2
Tunisia,TUN,Poverty headcount ratio at $3.00 a day (2021 PPP) (% of population),SI.POV.DDAY,1985,21.6
Tunisia,TUN,Poverty headcount ratio at $3.00 a day (2021 PPP) (% of population),SI.POV.DDAY,1990,16.3
Tunisia,TUN,Poverty headcount ratio at $3.00 a day (2021 PPP) (% of population),SI.POV.DDAY,1995,17.4
Tunisia,TUN,Poverty headcount ratio at $3.00 a day (2021 PPP) (% of population),SI.POV.DDAY,2000,10.5
Tunisia,TUN,Poverty headcount ratio at $3.00 a day (2021 PPP) (% of population),SI.POV.DDAY,2005,5.9
Tunisia,TUN,Poverty headcount ratio at $3.00 a day (2021 PPP) (% of population),SI.POV.DDAY,2010,3.1
Tunisia,TUN,Poverty headcount ratio at $3.00 a day (2021 PPP) (% of population),SI.POV.DDAY,2015,0.7
Tunisia,TUN,Poverty headcount ratio at $3.00 a day (2021 PPP) (% of population),SI.POV.DDAY,2021,0.7
Turkiye,TUR,Poverty headcount ratio at $3.00 a day (2021 PPP) (% of population),SI.POV.DDAY,1987,9
Turkiye,TUR,Poverty headcount ratio at $3.00 a day (2021 PPP) (% of population),SI.POV.DDAY,1994,10.1
Turkiye,TUR,Poverty headcount ratio at $3.00 a day (2021 PPP) (% of population),SI.POV.DDAY,2002,7.6
Turkiye,TUR,Poverty headcount ratio at $3.00 a day (2021 PPP) (% of population),SI.POV.DDAY,2003,10
Turkiye,TUR,Poverty headcount ratio at $3.00 a day (2021 PPP) (% of population),SI.POV.DDAY,2004,6.6
Turkiye,TUR,Poverty headcount ratio at $3.00 a day (2021 PPP) (% of population),SI.POV.DDAY,2005,6.5
Turkiye,TUR,Poverty headcount ratio at $3.00 a day (2021 PPP) (% of population),SI.POV.DDAY,2006,4.8
Turkiye,TUR,Poverty headcount ratio at $3.00 a day (2021 PPP) (% of population),SI.POV.DDAY,2007,4
Turkiye,TUR,Poverty headcount ratio at $3.00 a day (2021 PPP) (% of population),SI.POV.DDAY,2008,3.3
Turkiye,TUR,Poverty headcount ratio at $3.00 a day (2021 PPP) (% of population),SI.POV.DDAY,2009,3
Turkiye,TUR,Poverty headcount ratio at $3.00 a day (2021 PPP) (% of population),SI.POV.DDAY,2010,2.8
Turkiye,TUR,Poverty headcount ratio at $3.00 a day (2021 PPP) (% of population),SI.POV.DDAY,2011,2
Turkiye,TUR,Poverty headcount ratio at $3.00 a day (2021 PPP) (% of population),SI.POV.DDAY,2012,1.7
Turkiye,TUR,Poverty headcount ratio at $3.00 a day (2021 PPP) (% of population),SI.POV.DDAY,2013,1.5
Turkiye,TUR,Poverty headcount ratio at $3.00 a day (2021 PPP) (% of population),SI.POV.DDAY,2014,1
Turkiye,TUR,Poverty headcount ratio at $3.00 a day (2021 PPP) (% of population),SI.POV.DDAY,2015,1.3
Turkiye,TUR,Poverty headcount ratio at $3.00 a day (2021 PPP) (% of population),SI.POV.DDAY,2016,0.9
Turkiye,TUR,Poverty headcount ratio at $3.00 a day (2021 PPP) (% of population),SI.POV.DDAY,2017,1.1
Turkiye,TUR,Poverty headcount ratio at $3.00 a day (2021 PPP) (% of population),SI.POV.DDAY,2018,1
Turkiye,TUR,Poverty headcount ratio at $3.00 a day (2021 PPP) (% of population),SI.POV.DDAY,2019,1.3
Turkiye,TUR,Poverty headcount ratio at $3.00 a day (2021 PPP) (% of population),SI.POV.DDAY,2020,1.1
Turkiye,TUR,Poverty headcount ratio at $3.00 a day (2021 PPP) (% of population),SI.POV.DDAY,2021,0.9
Turkiye,TUR,Poverty headcount ratio at $3.00 a day (2021 PPP) (% of population),SI.POV.DDAY,2022,0.5
Turkiye,TUR,Poverty headcount ratio at $3.00 a day (2021 PPP) (% of population),SI.POV.DDAY,2023,0.2
Turkmenistan,TKM,Poverty headcount ratio at $3.00 a day (2021 PPP) (% of population),SI.POV.DDAY,1998,35.1
Tuvalu,TUV,Poverty headcount ratio at $3.00 a day (2021 PPP) (% of population),SI.POV.DDAY,2010,9
Uganda,UGA,Poverty headcount ratio at $3.00 a day (2021 PPP) (% of population),SI.POV.DDAY,1989,72.8
Uganda,UGA,Poverty headcount ratio at $3.00 a day (2021 PPP) (% of population),SI.POV.DDAY,1992,79.9
Uganda,UGA,Poverty headcount ratio at $3.00 a day (2021 PPP) (% of population),SI.POV.DDAY,1996,78.5
Uganda,UGA,Poverty headcount ratio at $3.00 a day (2021 PPP) (% of population),SI.POV.DDAY,1999,80.6
Uganda,UGA,Poverty headcount ratio at $3.00 a day (2021 PPP) (% of population),SI.POV.DDAY,2002,78.6
Uganda,UGA,Poverty headcount ratio at $3.00 a day (2021 PPP) (% of population),SI.POV.DDAY,2005,72.4
Uganda,UGA,Poverty headcount ratio at $3.00 a day (2021 PPP) (% of population),SI.POV.DDAY,2009,63.5
Uganda,UGA,Poverty headcount ratio at $3.00 a day (2021 PPP) (% of population),SI.POV.DDAY,2012,56.2
Uganda,UGA,Poverty headcount ratio at $3.00 a day (2021 PPP) (% of population),SI.POV.DDAY,2016,60.1
Uganda,UGA,Poverty headcount ratio at $3.00 a day (2021 PPP) (% of population),SI.POV.DDAY,2019,59.8
Ukraine,UKR,Poverty headcount ratio at $3.00 a day (2021 PPP) (% of population),SI.POV.DDAY,1992,8.1
Ukraine,UKR,Poverty headcount ratio at $3.00 a day (2021 PPP) (% of population),SI.POV.DDAY,1993,5.1
Ukraine,UKR,Poverty headcount ratio at $3.00 a day (2021 PPP) (% of population),SI.POV.DDAY,1995,14.5
Ukraine,UKR,Poverty headcount ratio at $3.00 a day (2021 PPP) (% of population),SI.POV.DDAY,1996,15.2
Ukraine,UKR,Poverty headcount ratio at $3.00 a day (2021 PPP) (% of population),SI.POV.DDAY,1999,24.8
Ukraine,UKR,Poverty headcount ratio at $3.00 a day (2021 PPP) (% of population),SI.POV.DDAY,2002,6.3
Ukraine,UKR,Poverty headcount ratio at $3.00 a day (2021 PPP) (% of population),SI.POV.DDAY,2003,3.2
Ukraine,UKR,Poverty headcount ratio at $3.00 a day (2021 PPP) (% of population),SI.POV.DDAY,2004,2.8
Ukraine,UKR,Poverty headcount ratio at $3.00 a day (2021 PPP) (% of population),SI.POV.DDAY,2005,1.1
Ukraine,UKR,Poverty headcount ratio at $3.00 a day (2021 PPP) (% of population),SI.POV.DDAY,2006,0.7
Ukraine,UKR,Poverty headcount ratio at $3.00 a day (2021 PPP) (% of population),SI.POV.DDAY,2007,0.5
Ukraine,UKR,Poverty headcount ratio at $3.00 a day (2021 PPP) (% of population),SI.POV.DDAY,2008,0.1
Ukraine,UKR,Poverty headcount ratio at $3.00 a day (2021 PPP) (% of population),SI.POV.DDAY,2009,0.3
Ukraine,UKR,Poverty headcount ratio at $3.00 a day (2021 PPP) (% of population),SI.POV.DDAY,2010,0.1
Ukraine,UKR,Poverty headcount ratio at $3.00 a day (2021 PPP) (% of population),SI.POV.DDAY,2011,0.1
Ukraine,UKR,Poverty headcount ratio at $3.00 a day (2021 PPP) (% of population),SI.POV.DDAY,2012,0.1
Ukraine,UKR,Poverty headcount ratio at $3.00 a day (2021 PPP) (% of population),SI.POV.DDAY,2013,0.1
Ukraine,UKR,Poverty headcount ratio at $3.00 a day (2021 PPP) (% of population),SI.POV.DDAY,2015,0.3
Ukraine,UKR,Poverty headcount ratio at $3.00 a day (2021 PPP) (% of population),SI.POV.DDAY,2016,0.2
Ukraine,UKR,Poverty headcount ratio at $3.00 a day (2021 PPP) (% of population),SI.POV.DDAY,2017,0.1
Ukraine,UKR,Poverty headcount ratio at $3.00 a day (2021 PPP) (% of population),SI.POV.DDAY,2018,0.2
Ukraine,UKR,Poverty headcount ratio at $3.00 a day (2021 PPP) (% of population),SI.POV.DDAY,2019,0.2
United Kingdom,GBR,Poverty headcount ratio at $3.00 a day (2021 PPP) (% of population),SI.POV.DDAY,1968,0.2
United Kingdom,GBR,Poverty headcount ratio at $3.00 a day (2021 PPP) (% of population),SI.POV.DDAY,1969,0.2
United Kingdom,GBR,Poverty headcount ratio at $3.00 a day (2021 PPP) (% of population),SI.POV.DDAY,1970,0.1
United Kingdom,GBR,Poverty headcount ratio at $3.00 a day (2021 PPP) (% of population),SI.POV.DDAY,1971,0.1
United Kingdom,GBR,Poverty headcount ratio at $3.00 a day (2021 PPP) (% of population),SI.POV.DDAY,1972,0.2
United Kingdom,GBR,Poverty headcount ratio at $3.00 a day (2021 PPP) (% of population),SI.POV.DDAY,1974,0.2
United Kingdom,GBR,Poverty headcount ratio at $3.00 a day (2021 PPP) (% of population),SI.POV.DDAY,1975,0.2
United Kingdom,GBR,Poverty headcount ratio at $3.00 a day (2021 PPP) (% of population),SI.POV.DDAY,1976,0.1
United Kingdom,GBR,Poverty headcount ratio at $3.00 a day (2021 PPP) (% of population),SI.POV.DDAY,1977,0.2
United Kingdom,GBR,Poverty headcount ratio at $3.00 a day (2021 PPP) (% of population),SI.POV.DDAY,1978,0.1
United Kingdom,GBR,Poverty headcount ratio at $3.00 a day (2021 PPP) (% of population),SI.POV.DDAY,1979,0.1
United Kingdom,GBR,Poverty headcount ratio at $3.00 a day (2021 PPP) (% of population),SI.POV.DDAY,1980,0.1
United Kingdom,GBR,Poverty headcount ratio at $3.00 a day (2021 PPP) (% of population),SI.POV.DDAY,1981,0.1
United Kingdom,GBR,Poverty headcount ratio at $3.00 a day (2021 PPP) (% of population),SI.POV.DDAY,1982,0.1
United Kingdom,GBR,Poverty headcount ratio at $3.00 a day (2021 PPP) (% of population),SI.POV.DDAY,1983,0.1
United Kingdom,GBR,Poverty headcount ratio at $3.00 a day (2021 PPP) (% of population),SI.POV.DDAY,1984,0.1
United Kingdom,GBR,Poverty headcount ratio at $3.00 a day (2021 PPP) (% of population),SI.POV.DDAY,1985,0.1
United Kingdom,GBR,Poverty headcount ratio at $3.00 a day (2021 PPP) (% of population),SI.POV.DDAY,1986,0.3
United Kingdom,GBR,Poverty headcount ratio at $3.00 a day (2021 PPP) (% of population),SI.POV.DDAY,1987,0.1
United Kingdom,GBR,Poverty headcount ratio at $3.00 a day (2021 PPP) (% of population),SI.POV.DDAY,1988,0.1
United Kingdom,GBR,Poverty headcount ratio at $3.00 a day (2021 PPP) (% of population),SI.POV.DDAY,1989,0.2
United Kingdom,GBR,Poverty headcount ratio at $3.00 a day (2021 PPP) (% of population),SI.POV.DDAY,1990,0.1
United Kingdom,GBR,Poverty headcount ratio at $3.00 a day (2021 PPP) (% of population),SI.POV.DDAY,1991,0.1
United Kingdom,GBR,Poverty headcount ratio at $3.00 a day (2021 PPP) (% of population),SI.POV.DDAY,1992,0.1
United Kingdom,GBR,Poverty headcount ratio at $3.00 a day (2021 PPP) (% of population),SI.POV.DDAY,1993,0.2
United Kingdom,GBR,Poverty headcount ratio at $3.00 a day (2021 PPP) (% of population),SI.POV.DDAY,1994,0.4
United Kingdom,GBR,Poverty headcount ratio at $3.00 a day (2021 PPP) (% of population),SI.POV.DDAY,1995,0.3
United Kingdom,GBR,Poverty headcount ratio at $3.00 a day (2021 PPP) (% of population),SI.POV.DDAY,1996,0.2
United Kingdom,GBR,Poverty headcount ratio at $3.00 a day (2021 PPP) (% of population),SI.POV.DDAY,1997,0.2
United Kingdom,GBR,Poverty headcount ratio at $3.00 a day (2021 PPP) (% of population),SI.POV.DDAY,1998,0.3
United Kingdom,GBR,Poverty headcount ratio at $3.00 a day (2021 PPP) (% of population),SI.POV.DDAY,1999,0.3
United Kingdom,GBR,Poverty headcount ratio at $3.00 a day (2021 PPP) (% of population),SI.POV.DDAY,2000,0.3
United Kingdom,GBR,Poverty headcount ratio at $3.00 a day (2021 PPP) (% of population),SI.POV.DDAY,2001,0.3
United Kingdom,GBR,Poverty headcount ratio at $3.00 a day (2021 PPP) (% of population),SI.POV.DDAY,2002,0.3
United Kingdom,GBR,Poverty headcount ratio at $3.00 a day (2021 PPP) (% of population),SI.POV.DDAY,2003,0.3
United Kingdom,GBR,Poverty headcount ratio at $3.00 a day (2021 PPP) (% of population),SI.POV.DDAY,2004,0.3
United Kingdom,GBR,Poverty headcount ratio at $3.00 a day (2021 PPP) (% of population),SI.POV.DDAY,2005,0.3
United Kingdom,GBR,Poverty headcount ratio at $3.00 a day (2021 PPP) (% of population),SI.POV.DDAY,2006,0.3
United Kingdom,GBR,Poverty headcount ratio at $3.00 a day (2021 PPP) (% of population),SI.POV.DDAY,2007,0.3
United Kingdom,GBR,Poverty headcount ratio at $3.00 a day (2021 PPP) (% of population),SI.POV.DDAY,2008,0.4
United Kingdom,GBR,Poverty headcount ratio at $3.00 a day (2021 PPP) (% of population),SI.POV.DDAY,2009,0.4
United Kingdom,GBR,Poverty headcount ratio at $3.00 a day (2021 PPP) (% of population),SI.POV.DDAY,2010,0.3
United Kingdom,GBR,Poverty headcount ratio at $3.00 a day (2021 PPP) (% of population),SI.POV.DDAY,2011,0.3
United Kingdom,GBR,Poverty headcount ratio at $3.00 a day (2021 PPP) (% of population),SI.POV.DDAY,2012,0.4
United Kingdom,GBR,Poverty headcount ratio at $3.00 a day (2021 PPP) (% of population),SI.POV.DDAY,2013,0.2
United Kingdom,GBR,Poverty headcount ratio at $3.00 a day (2021 PPP) (% of population),SI.POV.DDAY,2014,0.4
United Kingdom,GBR,Poverty headcount ratio at $3.00 a day (2021 PPP) (% of population),SI.POV.DDAY,2015,0.3
United Kingdom,GBR,Poverty headcount ratio at $3.00 a day (2021 PPP) (% of population),SI.POV.DDAY,2016,0.4
United Kingdom,GBR,Poverty headcount ratio at $3.00 a day (2021 PPP) (% of population),SI.POV.DDAY,2017,0.4
United Kingdom,GBR,Poverty headcount ratio at $3.00 a day (2021 PPP) (% of population),SI.POV.DDAY,2018,0.4
United Kingdom,GBR,Poverty headcount ratio at $3.00 a day (2021 PPP) (% of population),SI.POV.DDAY,2019,0.4
United Kingdom,GBR,Poverty headcount ratio at $3.00 a day (2021 PPP) (% of population),SI.POV.DDAY,2020,0.5
United Kingdom,GBR,Poverty headcount ratio at $3.00 a day (2021 PPP) (% of population),SI.POV.DDAY,2021,0.4
United States,USA,Poverty headcount ratio at $3.00 a day (2021 PPP) (% of population),SI.POV.DDAY,1963,1.6
United States,USA,Poverty headcount ratio at $3.00 a day (2021 PPP) (% of population),SI.POV.DDAY,1964,1.5
United States,USA,Poverty headcount ratio at $3.00 a day (2021 PPP) (% of population),SI.POV.DDAY,1965,1.3
United States,USA,Poverty headcount ratio at $3.00 a day (2021 PPP) (% of population),SI.POV.DDAY,1966,1.2
United States,USA,Poverty headcount ratio at $3.00 a day (2021 PPP) (% of population),SI.POV.DDAY,1967,1.1
United States,USA,Poverty headcount ratio at $3.00 a day (2021 PPP) (% of population),SI.POV.DDAY,1968,0.9
United States,USA,Poverty headcount ratio at $3.00 a day (2021 PPP) (% of population),SI.POV.DDAY,1969,0.7
United States,USA,Poverty headcount ratio at $3.00 a day (2021 PPP) (% of population),SI.POV.DDAY,1970,1.1
United States,USA,Poverty headcount ratio at $3.00 a day (2021 PPP) (% of population),SI.POV.DDAY,1971,0.9
United States,USA,Poverty headcount ratio at $3.00 a day (2021 PPP) (% of population),SI.POV.DDAY,1972,0.8
United States,USA,Poverty headcount ratio at $3.00 a day (2021 PPP) (% of population),SI.POV.DDAY,1973,0.8
United States,USA,Poverty headcount ratio at $3.00 a day (2021 PPP) (% of population),SI.POV.DDAY,1974,0.9
United States,USA,Poverty headcount ratio at $3.00 a day (2021 PPP) (% of population),SI.POV.DDAY,1975,0.7
United States,USA,Poverty headcount ratio at $3.00 a day (2021 PPP) (% of population),SI.POV.DDAY,1976,0.7
United States,USA,Poverty headcount ratio at $3.00 a day (2021 PPP) (% of population),SI.POV.DDAY,1977,0.6
United States,USA,Poverty headcount ratio at $3.00 a day (2021 PPP) (% of population),SI.POV.DDAY,1978,0.6
United States,USA,Poverty headcount ratio at $3.00 a day (2021 PPP) (% of population),SI.POV.DDAY,1979,0.7
United States,USA,Poverty headcount ratio at $3.00 a day (2021 PPP) (% of population),SI.POV.DDAY,1980,0.6
United States,USA,Poverty headcount ratio at $3.00 a day (2021 PPP) (% of population),SI.POV.DDAY,1981,0.6
United States,USA,Poverty headcount ratio at $3.00 a day (2021 PPP) (% of population),SI.POV.DDAY,1982,0.8
United States,USA,Poverty headcount ratio at $3.00 a day (2021 PPP) (% of population),SI.POV.DDAY,1983,0.7
United States,USA,Poverty headcount ratio at $3.00 a day (2021 PPP) (% of population),SI.POV.DDAY,1984,0.6
United States,USA,Poverty headcount ratio at $3.00 a day (2021 PPP) (% of population),SI.POV.DDAY,1985,0.6
United States,USA,Poverty headcount ratio at $3.00 a day (2021 PPP) (% of population),SI.POV.DDAY,1986,0.6
United States,USA,Poverty headcount ratio at $3.00 a day (2021 PPP) (% of population),SI.POV.DDAY,1987,0.6
United States,USA,Poverty headcount ratio at $3.00 a day (2021 PPP) (% of population),SI.POV.DDAY,1988,0.5
United States,USA,Poverty headcount ratio at $3.00 a day (2021 PPP) (% of population),SI.POV.DDAY,1989,0.5
United States,USA,Poverty headcount ratio at $3.00 a day (2021 PPP) (% of population),SI.POV.DDAY,1990,0.5
United States,USA,Poverty headcount ratio at $3.00 a day (2021 PPP) (% of population),SI.POV.DDAY,1991,0.6
United States,USA,Poverty headcount ratio at $3.00 a day (2021 PPP) (% of population),SI.POV.DDAY,1992,0.6
United States,USA,Poverty headcount ratio at $3.00 a day (2021 PPP) (% of population),SI.POV.DDAY,1993,0.6
United States,USA,Poverty headcount ratio at $3.00 a day (2021 PPP) (% of population),SI.POV.DDAY,1994,0.7
United States,USA,Poverty headcount ratio at $3.00 a day (2021 PPP) (% of population),SI.POV.DDAY,1995,0.7
United States,USA,Poverty headcount ratio at $3.00 a day (2021 PPP) (% of population),SI.POV.DDAY,1996,0.7
United States,USA,Poverty headcount ratio at $3.00 a day (2021 PPP) (% of population),SI.POV.DDAY,1997,0.8
United States,USA,Poverty headcount ratio at $3.00 a day (2021 PPP) (% of population),SI.POV.DDAY,1998,0.9
United States,USA,Poverty headcount ratio at $3.00 a day (2021 PPP) (% of population),SI.POV.DDAY,1999,0.7
United States,USA,Poverty headcount ratio at $3.00 a day (2021 PPP) (% of population),SI.POV.DDAY,2000,0.8
United States,USA,Poverty headcount ratio at $3.00 a day (2021 PPP) (% of population),SI.POV.DDAY,2001,0.9
United States,USA,Poverty headcount ratio at $3.00 a day (2021 PPP) (% of population),SI.POV.DDAY,2002,0.9
United States,USA,Poverty headcount ratio at $3.00 a day (2021 PPP) (% of population),SI.POV.DDAY,2003,1
United States,USA,Poverty headcount ratio at $3.00 a day (2021 PPP) (% of population),SI.POV.DDAY,2004,1.1
United States,USA,Poverty headcount ratio at $3.00 a day (2021 PPP) (% of population),SI.POV.DDAY,2005,1
United States,USA,Poverty headcount ratio at $3.00 a day (2021 PPP) (% of population),SI.POV.DDAY,2006,1.1
United States,USA,Poverty headcount ratio at $3.00 a day (2021 PPP) (% of population),SI.POV.DDAY,2007,1
United States,USA,Poverty headcount ratio at $3.00 a day (2021 PPP) (% of population),SI.POV.DDAY,2008,1.1
United States,USA,Poverty headcount ratio at $3.00 a day (2021 PPP) (% of population),SI.POV.DDAY,2009,1
United States,USA,Poverty headcount ratio at $3.00 a day (2021 PPP) (% of population),SI.POV.DDAY,2010,1.1
United States,USA,Poverty headcount ratio at $3.00 a day (2021 PPP) (% of population),SI.POV.DDAY,2011,1.1
United States,USA,Poverty headcount ratio at $3.00 a day (2021 PPP) (% of population),SI.POV.DDAY,2012,1.1
United States,USA,Poverty headcount ratio at $3.00 a day (2021 PPP) (% of population),SI.POV.DDAY,2013,1.1
United States,USA,Poverty headcount ratio at $3.00 a day (2021 PPP) (% of population),SI.POV.DDAY,2014,1.3
United States,USA,Poverty headcount ratio at $3.00 a day (2021 PPP) (% of population),SI.POV.DDAY,2015,1.2
United States,USA,Poverty headcount ratio at $3.00 a day (2021 PPP) (% of population),SI.POV.DDAY,2016,1.2
United States,USA,Poverty headcount ratio at $3.00 a day (2021 PPP) (% of population),SI.POV.DDAY,2017,1.3
United States,USA,Poverty headcount ratio at $3.00 a day (2021 PPP) (% of population),SI.POV.DDAY,2018,1.1
United States,USA,Poverty headcount ratio at $3.00 a day (2021 PPP) (% of population),SI.POV.DDAY,2019,1
United States,USA,Poverty headcount ratio at $3.00 a day (2021 PPP) (% of population),SI.POV.DDAY,2020,0.4
United States,USA,Poverty headcount ratio at $3.00 a day (2021 PPP) (% of population),SI.POV.DDAY,2021,0.3
United States,USA,Poverty headcount ratio at $3.00 a day (2021 PPP) (% of population),SI.POV.DDAY,2022,1.4
United States,USA,Poverty headcount ratio at $3.00 a day (2021 PPP) (% of population),SI.POV.DDAY,2023,1.2
United States,USA,Poverty headcount ratio at $3.00 a day (2021 PPP) (% of population),SI.POV.DDAY,2024,1.1
Upper middle income,UMC,Poverty headcount ratio at $3.00 a day (2021 PPP) (% of population),SI.POV.DDAY,1981,66.8
Upper middle income,UMC,Poverty headcount ratio at $3.00 a day (2021 PPP) (% of population),SI.POV.DDAY,1982,66.1
Upper middle income,UMC,Poverty headcount ratio at $3.00 a day (2021 PPP) (% of population),SI.POV.DDAY,1983,65.6
Upper middle income,UMC,Poverty headcount ratio at $3.00 a day (2021 PPP) (% of population),SI.POV.DDAY,1984,63.7
Upper middle income,UMC,Poverty headcount ratio at $3.00 a day (2021 PPP) (% of population),SI.POV.DDAY,1985,61.7
Upper middle income,UMC,Poverty headcount ratio at $3.00 a day (2021 PPP) (% of population),SI.POV.DDAY,1986,59.2
Upper middle income,UMC,Poverty headcount ratio at $3.00 a day (2021 PPP) (% of population),SI.POV.DDAY,1987,57.7
Upper middle income,UMC,Poverty headcount ratio at $3.00 a day (2021 PPP) (% of population),SI.POV.DDAY,1988,54.7
Upper middle income,UMC,Poverty headcount ratio at $3.00 a day (2021 PPP) (% of population),SI.POV.DDAY,1989,58.3
Upper middle income,UMC,Poverty headcount ratio at $3.00 a day (2021 PPP) (% of population),SI.POV.DDAY,1990,57.7
Upper middle income,UMC,Poverty headcount ratio at $3.00 a day (2021 PPP) (% of population),SI.POV.DDAY,1991,56.9
Upper middle income,UMC,Poverty headcount ratio at $3.00 a day (2021 PPP) (% of population),SI.POV.DDAY,1992,55.7
Upper middle income,UMC,Poverty headcount ratio at $3.00 a day (2021 PPP) (% of population),SI.POV.DDAY,1993,54.3
Upper middle income,UMC,Poverty headcount ratio at $3.00 a day (2021 PPP) (% of population),SI.POV.DDAY,1994,51.3
Upper middle income,UMC,Poverty headcount ratio at $3.00 a day (2021 PPP) (% of population),SI.POV.DDAY,1995,48.1
Upper middle income,UMC,Poverty headcount ratio at $3.00 a day (2021 PPP) (% of population),SI.POV.DDAY,1996,45.3
Upper middle income,UMC,Poverty headcount ratio at $3.00 a day (2021 PPP) (% of population),SI.POV.DDAY,1997,44.8
Upper middle income,UMC,Poverty headcount ratio at $3.00 a day (2021 PPP) (% of population),SI.POV.DDAY,1998,44.9
Upper middle income,UMC,Poverty headcount ratio at $3.00 a day (2021 PPP) (% of population),SI.POV.DDAY,1999,43.2
Upper middle income,UMC,Poverty headcount ratio at $3.00 a day (2021 PPP) (% of population),SI.POV.DDAY,2000,40.5
Upper middle income,UMC,Poverty headcount ratio at $3.00 a day (2021 PPP) (% of population),SI.POV.DDAY,2001,38.4
Upper middle income,UMC,Poverty headcount ratio at $3.00 a day (2021 PPP) (% of population),SI.POV.DDAY,2002,34.7
Upper middle income,UMC,Poverty headcount ratio at $3.00 a day (2021 PPP) (% of population),SI.POV.DDAY,2003,31.6
Upper middle income,UMC,Poverty headcount ratio at $3.00 a day (2021 PPP) (% of population),SI.POV.DDAY,2004,28.6
Upper middle income,UMC,Poverty headcount ratio at $3.00 a day (2021 PPP) (% of population),SI.POV.DDAY,2005,25.2
Upper middle income,UMC,Poverty headcount ratio at $3.00 a day (2021 PPP) (% of population),SI.POV.DDAY,2006,23.8
Upper middle income,UMC,Poverty headcount ratio at $3.00 a day (2021 PPP) (% of population),SI.POV.DDAY,2007,21.5
Upper middle income,UMC,Poverty headcount ratio at $3.00 a day (2021 PPP) (% of population),SI.POV.DDAY,2008,20.1
Upper middle income,UMC,Poverty headcount ratio at $3.00 a day (2021 PPP) (% of population),SI.POV.DDAY,2009,18.5
Upper middle income,UMC,Poverty headcount ratio at $3.00 a day (2021 PPP) (% of population),SI.POV.DDAY,2010,16.2
Upper middle income,UMC,Poverty headcount ratio at $3.00 a day (2021 PPP) (% of population),SI.POV.DDAY,2011,13.2
Upper middle income,UMC,Poverty headcount ratio at $3.00 a day (2021 PPP) (% of population),SI.POV.DDAY,2012,11.5
Upper middle income,UMC,Poverty headcount ratio at $3.00 a day (2021 PPP) (% of population),SI.POV.DDAY,2013,8.1
Upper middle income,UMC,Poverty headcount ratio at $3.00 a day (2021 PPP) (% of population),SI.POV.DDAY,2014,7.2
Upper middle income,UMC,Poverty headcount ratio at $3.00 a day (2021 PPP) (% of population),SI.POV.DDAY,2015,5.8
Upper middle income,UMC,Poverty headcount ratio at $3.00 a day (2021 PPP) (% of population),SI.POV.DDAY,2016,5.1
Upper middle income,UMC,Poverty headcount ratio at $3.00 a day (2021 PPP) (% of population),SI.POV.DDAY,2017,4.4
Upper middle income,UMC,Poverty headcount ratio at $3.00 a day (2021 PPP) (% of population),SI.POV.DDAY,2018,3.7
Upper middle income,UMC,Poverty headcount ratio at $3.00 a day (2021 PPP) (% of population),SI.POV.DDAY,2019,3.2
Upper middle income,UMC,Poverty headcount ratio at $3.00 a day (2021 PPP) (% of population),SI.POV.DDAY,2020,3.2
Upper middle income,UMC,Poverty headcount ratio at $3.00 a day (2021 PPP) (% of population),SI.POV.DDAY,2021,3.1
Upper middle income,UMC,Poverty headcount ratio at $3.00 a day (2021 PPP) (% of population),SI.POV.DDAY,2022,2.6
Upper middle income,UMC,Poverty headcount ratio at $3.00 a day (2021 PPP) (% of population),SI.POV.DDAY,2023,2.3
Upper middle income,UMC,Poverty headcount ratio at $3.00 a day (2021 PPP) (% of population),SI.POV.DDAY,2024,2.1
Uruguay,URY,Poverty headcount ratio at $3.00 a day (2021 PPP) (% of population),SI.POV.DDAY,1989,1
Uruguay,URY,Poverty headcount ratio at $3.00 a day (2021 PPP) (% of population),SI.POV.DDAY,1992,0.9
Uruguay,URY,Poverty headcount ratio at $3.00 a day (2021 PPP) (% of population),SI.POV.DDAY,1995,0.8
Uruguay,URY,Poverty headcount ratio at $3.00 a day (2021 PPP) (% of population),SI.POV.DDAY,1996,0.9
Uruguay,URY,Poverty headcount ratio at $3.00 a day (2021 PPP) (% of population),SI.POV.DDAY,1997,0.7
Uruguay,URY,Poverty headcount ratio at $3.00 a day (2021 PPP) (% of population),SI.POV.DDAY,1998,0.9
Uruguay,URY,Poverty headcount ratio at $3.00 a day (2021 PPP) (% of population),SI.POV.DDAY,2000,0.8
Uruguay,URY,Poverty headcount ratio at $3.00 a day (2021 PPP) (% of population),SI.POV.DDAY,2001,0.7
Uruguay,URY,Poverty headcount ratio at $3.00 a day (2021 PPP) (% of population),SI.POV.DDAY,2002,1.1
Uruguay,URY,Poverty headcount ratio at $3.00 a day (2021 PPP) (% of population),SI.POV.DDAY,2003,1.5
Uruguay,URY,Poverty headcount ratio at $3.00 a day (2021 PPP) (% of population),SI.POV.DDAY,2004,1.7
Uruguay,URY,Poverty headcount ratio at $3.00 a day (2021 PPP) (% of population),SI.POV.DDAY,2005,1.5
Uruguay,URY,Poverty headcount ratio at $3.00 a day (2021 PPP) (% of population),SI.POV.DDAY,2006,1
Uruguay,URY,Poverty headcount ratio at $3.00 a day (2021 PPP) (% of population),SI.POV.DDAY,2007,0.7
Uruguay,URY,Poverty headcount ratio at $3.00 a day (2021 PPP) (% of population),SI.POV.DDAY,2008,0.4
Uruguay,URY,Poverty headcount ratio at $3.00 a day (2021 PPP) (% of population),SI.POV.DDAY,2009,0.4
Uruguay,URY,Poverty headcount ratio at $3.00 a day (2021 PPP) (% of population),SI.POV.DDAY,2010,0.3
Uruguay,URY,Poverty headcount ratio at $3.00 a day (2021 PPP) (% of population),SI.POV.DDAY,2011,0.2
Uruguay,URY,Poverty headcount ratio at $3.00 a day (2021 PPP) (% of population),SI.POV.DDAY,2012,0.3
Uruguay,URY,Poverty headcount ratio at $3.00 a day (2021 PPP) (% of population),SI.POV.DDAY,2013,0.3
Uruguay,URY,Poverty headcount ratio at $3.00 a day (2021 PPP) (% of population),SI.POV.DDAY,2014,0.2
Uruguay,URY,Poverty headcount ratio at $3.00 a day (2021 PPP) (% of population),SI.POV.DDAY,2015,0.2
Uruguay,URY,Poverty headcount ratio at $3.00 a day (2021 PPP) (% of population),SI.POV.DDAY,2016,0.1
Uruguay,URY,Poverty headcount ratio at $3.00 a day (2021 PPP) (% of population),SI.POV.DDAY,2017,0.1
Uruguay,URY,Poverty headcount ratio at $3.00 a day (2021 PPP) (% of population),SI.POV.DDAY,2018,0.1
Uruguay,URY,Poverty headcount ratio at $3.00 a day (2021 PPP) (% of population),SI.POV.DDAY,2019,0.1
Uruguay,URY,Poverty headcount ratio at $3.00 a day (2021 PPP) (% of population),SI.POV.DDAY,2020,0.3
Uruguay,URY,Poverty headcount ratio at $3.00 a day (2021 PPP) (% of population),SI.POV.DDAY,2021,0.2
Uruguay,URY,Poverty headcount ratio at $3.00 a day (2021 PPP) (% of population),SI.POV.DDAY,2022,0.2
Uruguay,URY,Poverty headcount ratio at $3.00 a day (2021 PPP) (% of population),SI.POV.DDAY,2023,0.2
Uruguay,URY,Poverty headcount ratio at $3.00 a day (2021 PPP) (% of population),SI.POV.DDAY,2024,0.2
Uzbekistan,UZB,Poverty headcount ratio at $3.00 a day (2021 PPP) (% of population),SI.POV.DDAY,1998,79.8
Uzbekistan,UZB,Poverty headcount ratio at $3.00 a day (2021 PPP) (% of population),SI.POV.DDAY,2000,93.8
Uzbekistan,UZB,Poverty headcount ratio at $3.00 a day (2021 PPP) (% of population),SI.POV.DDAY,2002,93.1
Uzbekistan,UZB,Poverty headcount ratio at $3.00 a day (2021 PPP) (% of population),SI.POV.DDAY,2003,93.3
Uzbekistan,UZB,Poverty headcount ratio at $3.00 a day (2021 PPP) (% of population),SI.POV.DDAY,2021,4.4
Uzbekistan,UZB,Poverty headcount ratio at $3.00 a day (2021 PPP) (% of population),SI.POV.DDAY,2022,4.4
Uzbekistan,UZB,Poverty headcount ratio at $3.00 a day (2021 PPP) (% of population),SI.POV.DDAY,2023,4.1
Uzbekistan,UZB,Poverty headcount ratio at $3.00 a day (2021 PPP) (% of population),SI.POV.DDAY,2024,2.7
Uzbekistan,UZB,Poverty headcount ratio at $3.00 a day (2021 PPP) (% of population),SI.POV.DDAY,2025,2.3
Vanuatu,VUT,Poverty headcount ratio at $3.00 a day (2021 PPP) (% of population),SI.POV.DDAY,2010,25.7
Vanuatu,VUT,Poverty headcount ratio at $3.00 a day (2021 PPP) (% of population),SI.POV.DDAY,2019,19.5
"Venezuela, RB",VEN,Poverty headcount ratio at $3.00 a day (2021 PPP) (% of population),SI.POV.DDAY,1981,11.3
"Venezuela, RB",VEN,Poverty headcount ratio at $3.00 a day (2021 PPP) (% of population),SI.POV.DDAY,1987,12.3
"Venezuela, RB",VEN,Poverty headcount ratio at $3.00 a day (2021 PPP) (% of population),SI.POV.DDAY,1989,7.3
"Venezuela, RB",VEN,Poverty headcount ratio at $3.00 a day (2021 PPP) (% of population),SI.POV.DDAY,1992,6.9
"Venezuela, RB",VEN,Poverty headcount ratio at $3.00 a day (2021 PPP) (% of population),SI.POV.DDAY,1995,15.1
"Venezuela, RB",VEN,Poverty headcount ratio at $3.00 a day (2021 PPP) (% of population),SI.POV.DDAY,1998,14.9
"Venezuela, RB",VEN,Poverty headcount ratio at $3.00 a day (2021 PPP) (% of population),SI.POV.DDAY,1999,16.7
"Venezuela, RB",VEN,Poverty headcount ratio at $3.00 a day (2021 PPP) (% of population),SI.POV.DDAY,2001,14.7
"Venezuela, RB",VEN,Poverty headcount ratio at $3.00 a day (2021 PPP) (% of population),SI.POV.DDAY,2002,22.1
"Venezuela, RB",VEN,Poverty headcount ratio at $3.00 a day (2021 PPP) (% of population),SI.POV.DDAY,2003,27.1
"Venezuela, RB",VEN,Poverty headcount ratio at $3.00 a day (2021 PPP) (% of population),SI.POV.DDAY,2004,22.8
"Venezuela, RB",VEN,Poverty headcount ratio at $3.00 a day (2021 PPP) (% of population),SI.POV.DDAY,2005,18.1
"Venezuela, RB",VEN,Poverty headcount ratio at $3.00 a day (2021 PPP) (% of population),SI.POV.DDAY,2006,9.7
Viet Nam,VNM,Poverty headcount ratio at $3.00 a day (2021 PPP) (% of population),SI.POV.DDAY,1992,57.5
Viet Nam,VNM,Poverty headcount ratio at $3.00 a day (2021 PPP) (% of population),SI.POV.DDAY,1997,38.1
Viet Nam,VNM,Poverty headcount ratio at $3.00 a day (2021 PPP) (% of population),SI.POV.DDAY,2002,43.3
Viet Nam,VNM,Poverty headcount ratio at $3.00 a day (2021 PPP) (% of population),SI.POV.DDAY,2004,30.9
Viet Nam,VNM,Poverty headcount ratio at $3.00 a day (2021 PPP) (% of population),SI.POV.DDAY,2006,23.7
Viet Nam,VNM,Poverty headcount ratio at $3.00 a day (2021 PPP) (% of population),SI.POV.DDAY,2008,17.6
Viet Nam,VNM,Poverty headcount ratio at $3.00 a day (2021 PPP) (% of population),SI.POV.DDAY,2010,5.2
Viet Nam,VNM,Poverty headcount ratio at $3.00 a day (2021 PPP) (% of population),SI.POV.DDAY,2012,3.7
Viet Nam,VNM,Poverty headcount ratio at $3.00 a day (2021 PPP) (% of population),SI.POV.DDAY,2014,3.4
Viet Nam,VNM,Poverty headcount ratio at $3.00 a day (2021 PPP) (% of population),SI.POV.DDAY,2016,2.5
Viet Nam,VNM,Poverty headcount ratio at $3.00 a day (2021 PPP) (% of population),SI.POV.DDAY,2018,2.2
Viet Nam,VNM,Poverty headcount ratio at $3.00 a day (2021 PPP) (% of population),SI.POV.DDAY,2020,1.3
Viet Nam,VNM,Poverty headcount ratio at $3.00 a day (2021 PPP) (% of population),SI.POV.DDAY,2022,1.6
West Bank and Gaza,PSE,Poverty headcount ratio at $3.00 a day (2021 PPP) (% of population),SI.POV.DDAY,2004,1.8
West Bank and Gaza,PSE,Poverty headcount ratio at $3.00 a day (2021 PPP) (% of population),SI.POV.DDAY,2005,1.3
West Bank and Gaza,PSE,Poverty headcount ratio at $3.00 a day (2021 PPP) (% of population),SI.POV.DDAY,2006,0.5
West Bank and Gaza,PSE,Poverty headcount ratio at $3.00 a day (2021 PPP) (% of population),SI.POV.DDAY,2007,2.9
West Bank and Gaza,PSE,Poverty headcount ratio at $3.00 a day (2021 PPP) (% of population),SI.POV.DDAY,2009,0.6
West Bank and Gaza,PSE,Poverty headcount ratio at $3.00 a day (2021 PPP) (% of population),SI.POV.DDAY,2010,0.6
West Bank and Gaza,PSE,Poverty headcount ratio at $3.00 a day (2021 PPP) (% of population),SI.POV.DDAY,2011,0.4
West Bank and Gaza,PSE,Poverty headcount ratio at $3.00 a day (2021 PPP) (% of population),SI.POV.DDAY,2016,1.4
West Bank and Gaza,PSE,Poverty headcount ratio at $3.00 a day (2021 PPP) (% of population),SI.POV.DDAY,2023,2.1
World,WLD,Poverty headcount ratio at $3.00 a day (2021 PPP) (% of population),SI.POV.DDAY,1981,47.1
World,WLD,Poverty headcount ratio at $3.00 a day (2021 PPP) (% of population),SI.POV.DDAY,1982,46.7
World,WLD,Poverty headcount ratio at $3.00 a day (2021 PPP) (% of population),SI.POV.DDAY,1983,46.1
World,WLD,Poverty headcount ratio at $3.00 a day (2021 PPP) (% of population),SI.POV.DDAY,1984,45.5
World,WLD,Poverty headcount ratio at $3.00 a day (2021 PPP) (% of population),SI.POV.DDAY,1985,44.7
World,WLD,Poverty headcount ratio at $3.00 a day (2021 PPP) (% of population),SI.POV.DDAY,1986,43.8
World,WLD,Poverty headcount ratio at $3.00 a day (2021 PPP) (% of population),SI.POV.DDAY,1987,43.3
World,WLD,Poverty headcount ratio at $3.00 a day (2021 PPP) (% of population),SI.POV.DDAY,1988,42.1
World,WLD,Poverty headcount ratio at $3.00 a day (2021 PPP) (% of population),SI.POV.DDAY,1989,43.6
World,WLD,Poverty headcount ratio at $3.00 a day (2021 PPP) (% of population),SI.POV.DDAY,1990,43.4
World,WLD,Poverty headcount ratio at $3.00 a day (2021 PPP) (% of population),SI.POV.DDAY,1991,43.1
World,WLD,Poverty headcount ratio at $3.00 a day (2021 PPP) (% of population),SI.POV.DDAY,1992,42.5
World,WLD,Poverty headcount ratio at $3.00 a day (2021 PPP) (% of population),SI.POV.DDAY,1993,42.1
World,WLD,Poverty headcount ratio at $3.00 a day (2021 PPP) (% of population),SI.POV.DDAY,1994,40.7
World,WLD,Poverty headcount ratio at $3.00 a day (2021 PPP) (% of population),SI.POV.DDAY,1995,39.4
World,WLD,Poverty headcount ratio at $3.00 a day (2021 PPP) (% of population),SI.POV.DDAY,1996,38.1
World,WLD,Poverty headcount ratio at $3.00 a day (2021 PPP) (% of population),SI.POV.DDAY,1997,37.7
World,WLD,Poverty headcount ratio at $3.00 a day (2021 PPP) (% of population),SI.POV.DDAY,1998,37.9
World,WLD,Poverty headcount ratio at $3.00 a day (2021 PPP) (% of population),SI.POV.DDAY,1999,37.3
World,WLD,Poverty headcount ratio at $3.00 a day (2021 PPP) (% of population),SI.POV.DDAY,2000,36.2
World,WLD,Poverty headcount ratio at $3.00 a day (2021 PPP) (% of population),SI.POV.DDAY,2001,35.3
World,WLD,Poverty headcount ratio at $3.00 a day (2021 PPP) (% of population),SI.POV.DDAY,2002,33.7
World,WLD,Poverty headcount ratio at $3.00 a day (2021 PPP) (% of population),SI.POV.DDAY,2003,32.2
World,WLD,Poverty headcount ratio at $3.00 a day (2021 PPP) (% of population),SI.POV.DDAY,2004,30.3
World,WLD,Poverty headcount ratio at $3.00 a day (2021 PPP) (% of population),SI.POV.DDAY,2005,28.3
World,WLD,Poverty headcount ratio at $3.00 a day (2021 PPP) (% of population),SI.POV.DDAY,2006,27
World,WLD,Poverty headcount ratio at $3.00 a day (2021 PPP) (% of population),SI.POV.DDAY,2007,25.3
World,WLD,Poverty headcount ratio at $3.00 a day (2021 PPP) (% of population),SI.POV.DDAY,2008,24.1
World,WLD,Poverty headcount ratio at $3.00 a day (2021 PPP) (% of population),SI.POV.DDAY,2009,23.1
World,WLD,Poverty headcount ratio at $3.00 a day (2021 PPP) (% of population),SI.POV.DDAY,2010,21
World,WLD,Poverty headcount ratio at $3.00 a day (2021 PPP) (% of population),SI.POV.DDAY,2011,19.1
World,WLD,Poverty headcount ratio at $3.00 a day (2021 PPP) (% of population),SI.POV.DDAY,2012,17.8
World,WLD,Poverty headcount ratio at $3.00 a day (2021 PPP) (% of population),SI.POV.DDAY,2013,15.5
World,WLD,Poverty headcount ratio at $3.00 a day (2021 PPP) (% of population),SI.POV.DDAY,2014,14.5
World,WLD,Poverty headcount ratio at $3.00 a day (2021 PPP) (% of population),SI.POV.DDAY,2015,13.4
World,WLD,Poverty headcount ratio at $3.00 a day (2021 PPP) (% of population),SI.POV.DDAY,2016,12.6
World,WLD,Poverty headcount ratio at $3.00 a day (2021 PPP) (% of population),SI.POV.DDAY,2017,11.8
World,WLD,Poverty headcount ratio at $3.00 a day (2021 PPP) (% of population),SI.POV.DDAY,2018,11.1
World,WLD,Poverty headcount ratio at $3.00 a day (2021 PPP) (% of population),SI.POV.DDAY,2020,11.4
World,WLD,Poverty headcount ratio at $3.00 a day (2021 PPP) (% of population),SI.POV.DDAY,2021,11.3
World,WLD,Poverty headcount ratio at $3.00 a day (2021 PPP) (% of population),SI.POV.DDAY,2022,10.9
World,WLD,Poverty headcount ratio at $3.00 a day (2021 PPP) (% of population),SI.POV.DDAY,2023,10.6
World,WLD,Poverty headcount ratio at $3.00 a day (2021 PPP) (% of population),SI.POV.DDAY,2024,10.4
"Yemen, Rep.",YEM,Poverty headcount ratio at $3.00 a day (2021 PPP) (% of population),SI.POV.DDAY,1998,14.1
"Yemen, Rep.",YEM,Poverty headcount ratio at $3.00 a day (2021 PPP) (% of population),SI.POV.DDAY,2005,22.5
"Yemen, Rep.",YEM,Poverty headcount ratio at $3.00 a day (2021 PPP) (% of population),SI.POV.DDAY,2014,33.3
Zambia,ZMB,Poverty headcount ratio at $3.00 a day (2021 PPP) (% of population),SI.POV.DDAY,1991,63
Zambia,ZMB,Poverty headcount ratio at $3.00 a day (2021 PPP) (% of population),SI.POV.DDAY,1993,67.1
Zambia,ZMB,Poverty headcount ratio at $3.00 a day (2021 PPP) (% of population),SI.POV.DDAY,1996,56.1
Zambia,ZMB,Poverty headcount ratio at $3.00 a day (2021 PPP) (% of population),SI.POV.DDAY,1998,56.6
Zambia,ZMB,Poverty headcount ratio at $3.00 a day (2021 PPP) (% of population),SI.POV.DDAY,2002,68
Zambia,ZMB,Poverty headcount ratio at $3.00 a day (2021 PPP) (% of population),SI.POV.DDAY,2004,68.9
Zambia,ZMB,Poverty headcount ratio at $3.00 a day (2021 PPP) (% of population),SI.POV.DDAY,2006,72
Zambia,ZMB,Poverty headcount ratio at $3.00 a day (2021 PPP) (% of population),SI.POV.DDAY,2010,71.4
Zambia,ZMB,Poverty headcount ratio at $3.00 a day (2021 PPP) (% of population),SI.POV.DDAY,2015,67.9
Zambia,ZMB,Poverty headcount ratio at $3.00 a day (2021 PPP) (% of population),SI.POV.DDAY,2022,71.7
Zimbabwe,ZWE,Poverty headcount ratio at $3.00 a day (2021 PPP) (% of population),SI.POV.DDAY,2011,35.7
Zimbabwe,ZWE,Poverty headcount ratio at $3.00 a day (2021 PPP) (% of population),SI.POV.DDAY,2017,44.7
Zimbabwe,ZWE,Poverty headcount ratio at $3.00 a day (2021 PPP) (% of population),SI.POV.DDAY,2019,49.2